,loss(1e-06),val loss(1e-06),loss(4.641588833612782e-06),val loss(4.641588833612782e-06),loss(2.1544346900318823e-05),val loss(2.1544346900318823e-05),loss(0.0001),val loss(0.0001),loss(0.00046415888336127773),val loss(0.00046415888336127773),loss(0.002154434690031882),val loss(0.002154434690031882),loss(0.01),val loss(0.01),loss(0.046415888336127725),val loss(0.046415888336127725),loss(0.21544346900318823),val loss(0.21544346900318823),loss(1.0),val loss(1.0)
0,3.7873935058154835,1.1124343518553108,3.740588993326464,1.126326728571812,3.717198732340868,1.123214813523692,3.8315952190012124,1.1486923807360268,3.880195206932804,1.1589320412997541,4.009681640734362,1.196609743945117,4.038472438604787,1.3911223533705537,4.904697579705085,1.6974723144117834,12.28978006574299,6.4181109024386105,50.28028142076691,48.933198802929205
1,1.140008546261374,0.876978108448348,1.147110706099857,0.8783731040108967,1.1424226201088261,0.8831617604335541,1.1760954418324274,0.9132768918728006,1.2180870961262178,0.9402458613729242,1.2774507345940407,1.0168268073368543,1.486443364552928,1.2785986125175588,1.8071484160704634,1.6297286677243088,4.77599299593789,4.625602358080483,37.11094548639852,43.01267525809152
2,0.948429347781905,0.730652325141606,0.9685868792560787,0.7478742733377541,0.9608458530236171,0.7802039415378289,0.9837675401771784,0.7785444112834085,1.047413096071941,0.8241065378846794,1.1479340060299148,0.9423112740070362,1.4137203276371455,1.2203894680943983,1.7610022166375934,1.598961164681195,3.9242346446534926,3.9167943602125046,33.525760283453025,39.9322715533778
3,0.8408759876604016,0.6640081652866796,0.8623750618141452,0.6863592251768253,0.8559998837050687,0.6830491513454268,0.8721113881494768,0.6943664199612998,0.9470938418081566,0.7615724919464788,1.0717633715160324,0.8683818123023498,1.3700660684403547,1.1877969497530332,1.7369440609152467,1.5795785730108252,3.5187001157871207,3.523579600291886,31.426276386352978,37.90206534474941
4,0.7723999333785337,0.6143267285060413,0.7948953543735688,0.6362642288795246,0.7884716015892068,0.6212162716048104,0.7999282168877192,0.6450374034825217,0.8817142796858939,0.703796808766614,1.02010142457002,0.8324221964540153,1.3397285062267328,1.1588725868704284,1.7204584224704842,1.5651520256925686,3.2728210395638793,3.267706992003718,29.969003768380695,36.40927667852693
5,0.725109062970388,0.5881930334814663,0.7461953631543452,0.6012840878787299,0.7395722673451858,0.605451129046567,0.7527912787806382,0.6074943159014133,0.8351753538054891,0.6729809732859945,0.981740805771242,0.8018871704345854,1.31663041843886,1.1405206956299654,1.7079291500147336,1.5535337354162055,3.1041538641720687,3.085983127443661,28.866858873518996,35.24079272641337
6,0.6909183700247383,0.5677561582015653,0.7108954713826549,0.5872117347905201,0.706305727437559,0.5682427493809479,0.7180298912396732,0.5794952224040854,0.8008081385390828,0.6473223917002748,0.9526198014961016,0.7770289659500123,1.2980703700316631,1.1234940389107013,1.6978296581814385,1.5439240892532424,2.9798939606542767,2.948705707982256,27.988273030883413,34.28739395893266
7,0.6630944916992814,0.5398786078532928,0.6824593269042079,0.5615256188538275,0.6787081469872965,0.5506287699849735,0.6901032352031592,0.5597135214970029,0.7737914880646871,0.6195424220832111,0.9296266627531898,0.7627406726329785,1.2827387786877957,1.1098501881942373,1.6893772510334797,1.535728484421528,2.8834623631848744,2.840871318807743,27.262262195217236,33.4856110521138
8,0.6422908426401491,0.5240773534539885,0.6593171427468877,0.551815246302506,0.6556965793506374,0.5354689344396732,0.6701514723363321,0.53965159959981,0.7532361963334727,0.6087675232605394,0.9103989993259808,0.7425465611988687,1.269683793436386,1.09739793721091,1.682093158619657,1.5285842449207023,2.8061161615470547,2.7535765011322324,26.646215689567615,32.79580608800127
9,0.6230846356281322,0.5133145514967407,0.6396918878364465,0.5300670798776185,0.637212616862732,0.5254913012382432,0.6520402709174119,0.5293198645408518,0.7356111432785496,0.6029957100675611,0.8945440118743433,0.7351639983689257,1.2583491172345251,1.0874760895527056,1.6757282393598874,1.5222851497199148,2.7423779859244366,2.6810739956465848,26.11273719470522,32.1929953250979
10,0.606232924244843,0.49569044905930315,0.6220799999857267,0.5203994647622696,0.6202411500321344,0.507027427081404,0.6371146909682307,0.518965635863431,0.7210806554987101,0.5879509293974327,0.8808244922700572,0.7242668441363743,1.248372076015218,1.0776404964512791,1.6700810407968347,1.5166169415553803,2.6886613978918787,2.6194699768949614,25.64407853605565,31.65905413698093
11,0.5906294896579388,0.4848557881827425,0.606777422378588,0.5033443074508254,0.6061614753834219,0.491495452608381,0.6239482993496082,0.512172762513748,0.7081790063031335,0.5761764740709013,0.8689648260637208,0.7142986950028706,1.2394956681409086,1.069191288948059,1.6650028862177622,1.511456922239858,2.6425149644564945,2.56661866639048,25.227316355032453,31.180148093688665
12,0.5776155226379862,0.4731103953763182,0.5924955000260844,0.49400150969697926,0.5929402998956795,0.4892836570739746,0.6120819669096454,0.49987033388297547,0.6973571624677569,0.5716921628402372,0.8585979613143399,0.7020378653639056,1.2314942540114449,1.0610788273693892,1.6603724947704788,1.506862379882136,2.6025077636086555,2.520529842141814,24.852176741809952,30.746998453375156
13,0.5653749948926556,0.4615205570688389,0.5805697152405411,0.47609654723717076,0.5812079539844597,0.47669965927236774,0.6012319953090537,0.4984317356729742,0.6878927507817654,0.5602038242546795,0.8493387740290795,0.6961741321192586,1.2242278514488225,1.0543481338200311,1.6561631527602703,1.5025660312821711,2.567277301672852,2.480017699396669,24.512152213326107,30.352888233203608
14,0.5530030728915583,0.45437335633291986,0.5681938627733825,0.4880469959357689,0.5699652099713355,0.4690945666999065,0.5925234621888616,0.4902575836393046,0.6791535335910693,0.5512826856133973,0.8409326690842153,0.6866029172695329,1.2175616480803844,1.048134931672383,1.6522810620733137,1.498625321458713,2.5360374680416835,2.443985777887805,24.202050395865754,29.991121121110588
15,0.5427790691878258,0.44806386534803605,0.5580179098632287,0.46250389831993965,0.5603292144647679,0.46264988131123813,0.5832450080492853,0.4849560668315793,0.6715871367716312,0.5486560330602336,0.8336366386184819,0.6801506470576882,1.2114548712770041,1.0428000400806297,1.6486909734523865,1.4949585292139664,2.508054442231994,2.411674869471583,23.916871455756745,29.657263574459282
16,0.5320014965265087,0.4410942567686729,0.548906573933048,0.4599616688166933,0.5508920629248367,0.4561617774622781,0.5757889700645419,0.4795028851537282,0.6645968728153567,0.544968552953504,0.8269042048838396,0.6743100752384205,1.2057854838038542,1.037218312207114,1.645355341384324,1.4915499229149278,2.4828170512626575,2.382521419102335,23.653294966195165,29.34786443475432
17,0.5218332643995779,0.4417143444122352,0.5390095723445995,0.45220437082163806,0.5415531960250537,0.4591935479875856,0.5680338288527871,0.4769813805378129,0.6578976665600071,0.538211463472526,0.8207367621427196,0.6702755118825753,1.2005329022106603,1.032323076924667,1.6422238750663276,1.4883389491753038,2.459910969491981,2.356130528802355,23.408672882753375,29.05945539051676
18,0.5123833520656185,0.4268561936951623,0.5299236043041459,0.44699366809112095,0.5334277667101375,0.4401048664682604,0.5610040827186491,0.4664646111392035,0.6520729783989332,0.531123820431714,0.8150620885143652,0.6657339796056888,1.1956339552807405,1.0276582347935643,1.6392923557678818,1.4852860410812454,2.439020208189462,2.331966276474187,23.180442692427345,28.78982210582113
19,0.5039110248030119,0.42116596137948814,0.522278752432168,0.44374744918546066,0.5252182343178617,0.4348595019338166,0.5545685571912253,0.46686116794647253,0.6468744999907333,0.534285131640035,0.8098652355789587,0.6616958450801267,1.1910255390904145,1.02322148278429,1.6365176041105456,1.482434404072503,2.4198194713088537,2.3098421471459525,22.966818842489086,28.536576452396186
20,0.49487470705855374,0.41922598440071634,0.5140013722661766,0.436270848224903,0.5173711504429778,0.4306331060790076,0.5483417053844086,0.46264816684088683,0.6416994400792638,0.5300683877738238,0.8049711756549657,0.6560131546899016,1.1867054667945027,1.0188731305117678,1.6339023223346536,1.4797428607940675,2.402143110649105,2.2894442185979758,22.76604928006387,28.29814553472209
21,0.48705358267931403,0.4114176022595373,0.5061531409751213,0.4275929830638059,0.511299796842073,0.4268593924092542,0.5418656436035485,0.45590632854424085,0.6370156929455029,0.5277254196223367,0.8005813858703567,0.6530761725796854,1.182623733820947,1.0150618258368205,1.6314319410710656,1.4771929811374307,2.385770259067424,2.2705779452629278,22.576926126964523,28.072952029975177
22,0.47878294796164433,0.4043982422116942,0.498663587555511,0.4183399290286849,0.5036442836778111,0.42206577044989674,0.5365167598102936,0.4484650756044341,0.6329805795995929,0.5194065068155674,0.7962898060167184,0.6500462173828351,1.1787577276538126,1.0113931708735198,1.629090431386107,1.4747341423786333,2.370552391318433,2.253046548895061,22.398164276956837,27.859861368263882
23,0.4705784239696808,0.39561667301384684,0.4908647972140452,0.4222947733449231,0.4974954585193548,0.4147408935530432,0.5315886185804106,0.4500262664163054,0.6289124450664021,0.5199666908221879,0.792369977858447,0.6465061619363982,1.1750955546189725,1.0079262287158683,1.6268575897823547,1.472368740918014,2.3563770416395795,2.236702282792829,22.22891651053744,27.65746214918315
24,0.46270051740144325,0.3906054610689285,0.4838451117323019,0.40909457241960345,0.4909824899813039,0.41146307793156855,0.526364209676107,0.44454475576654445,0.625168271912496,0.5142362161810174,0.7887671559085718,0.6432033700896014,1.171631424851513,1.0046222012618493,1.6247144715855708,1.4701613961769442,2.3431175855687485,2.2214364390067867,22.06810072854337,27.46493371672231
25,0.45509316821230444,0.3856335197176252,0.4762299607630691,0.4037923296096877,0.48424297456804943,0.4105422887602463,0.5208365012462962,0.44250954351401683,0.6215805705294601,0.5118570542687852,0.7853413865772989,0.6417845889265315,1.1683154456489449,1.0013758774461416,1.6226783722103897,1.4680741786956788,2.330682404803398,2.2071337087988265,21.915076350040348,27.28152129450455
26,0.4475953600494112,0.38578857453585846,0.4699305198998742,0.39617880204041017,0.4777075245143084,0.4078821517270187,0.5164574493378354,0.4381946208441786,0.6179919133497055,0.5147657397932607,0.7820076122902918,0.6399775506827632,1.1651619985630843,0.9983719772893219,1.6207270614302054,1.4660444351252664,2.318990715128633,2.193703521648651,21.769246169589863,27.10637761007976
27,0.44089173451639435,0.3743307662714878,0.4625124058795624,0.3932199288471579,0.4717213308095565,0.4039519332312598,0.5127113504003659,0.4307765490609437,0.6148871517994882,0.5077317534409133,0.7789618410166256,0.6364670808679365,1.1621410802427226,0.9954594259778854,1.6188550279347207,1.4640952406258418,2.307970809422743,2.181048389256294,21.629953801686977,26.938801552157095
28,0.4336777540125438,0.3766443670970466,0.45577241220860804,0.38490925058355474,0.4659881101778803,0.3936045834289983,0.507603235364633,0.4307879681364069,0.6118626147126344,0.5066643274476376,0.7760329197161377,0.6330920371515998,1.15923659105433,0.9925502266202654,1.6170641445758833,1.4622085780345748,2.2975540386706883,2.1691108015370486,21.49664905405216,26.778212497504473
29,0.42637333927428556,0.36577388984816417,0.4492351699312752,0.3807472766032947,0.4600333062302094,0.3870796540100586,0.5037693489967952,0.4258045449045491,0.6087872537024025,0.5051017954431731,0.7732624824381046,0.6309862456885464,1.1564627561097025,0.9899585915316502,1.615339015226232,1.4604186558371106,2.287698071305112,2.157825942462301,21.368878342445964,26.62429699075633
30,0.4201646686028431,0.35990903991196543,0.44203852401628685,0.3767053242093824,0.4541242849129539,0.3833126782490115,0.4995165663293963,0.42048437712815007,0.6063723220526713,0.501933713323377,0.7706460665867474,0.6294985163387994,1.1538074152233542,0.9872428445393229,1.6136752196615816,1.458706820304758,2.2783517890615057,2.1471183906047804,21.246383551513922,26.476296369430468
31,0.4134924680330987,0.35115484910939126,0.4362129445073542,0.37135948761930604,0.4485798986218659,0.3774645349368673,0.49566736186449806,0.4178482311699778,0.6035657747058516,0.501174181670391,0.7681230705416833,0.6276226603338871,1.1512510783706584,0.9846666223309898,1.6120739914320137,1.4570297231815132,2.26946594909621,2.1369568296253973,21.128579198720825,26.33389926403027
32,0.4066375574464979,0.34726682256888874,0.42986601983173617,0.3698438306160161,0.4429108316253674,0.3742642931456636,0.49191036430794866,0.42074868711344715,0.6010755672217516,0.4974755424584074,0.7657004672298069,0.6251349789755685,1.1487872596029258,0.9823715575222899,1.6105275806859556,1.455424568101103,2.261011650624674,2.1273076176056134,21.01522460720244,26.196821240955973
33,0.4005541871730458,0.34567602389845353,0.42356609243836507,0.36039174894981196,0.4375497169008984,0.3722256338361449,0.4881050806830882,0.41322110982364035,0.5985785969469473,0.4935387077589928,0.7633447218852633,0.62234476769499,1.1464113054304872,0.9801677223496836,1.6090306448655107,1.4538482574406515,2.2529651305686516,2.118112164177918,20.90609796483924,26.064688775574634
34,0.39465285754925533,0.34235756206395,0.41783764740024976,0.3589817702476614,0.43120994417406827,0.36418141135441257,0.48466533060377226,0.4123901195714039,0.5964952477190419,0.49471771476304005,0.7612733709194405,0.6207871492273115,1.1441323146873894,0.9778876385665293,1.6075793516091532,1.4523271022759048,2.2452856667167778,2.1093208112152926,20.800898312274587,25.937083724449423
35,0.3885281457969505,0.3361159052461239,0.4111877506546267,0.35296558877223816,0.4267395854730249,0.3657832443714142,0.4812652969433749,0.4106622118080778,0.594157698611347,0.49242601934912167,0.7591339574097486,0.6191087517245063,1.14191036466576,0.9757464352499675,1.6061810523806748,1.4508622843643715,2.237925406148215,2.100955587185075,20.699309146973096,25.81383844009174
36,0.3818308325533135,0.32877761825845747,0.40522145622812705,0.34738432395047153,0.42101775571099914,0.3676660052954857,0.47760207050882775,0.4096037523206232,0.591871510584456,0.4954860533399535,0.7571106333497734,0.6179711778175655,1.1397857750238916,0.973678963994745,1.6048264904166565,1.4494394711085727,2.230898265706508,2.092957614442985,20.601172906866804,25.694580581740205
37,0.37595225437107055,0.3274893355340206,0.3993589583973569,0.3464576861688069,0.4169345403739035,0.3553293638335073,0.4745615325076816,0.40321850773736173,0.5899869067905009,0.4893138486763527,0.7551658737164023,0.6167610896632002,1.1377093790860713,0.9716508054968171,1.603510367081311,1.448052935060022,2.22415976472975,2.0852864389936325,20.506198518223613,25.579119749022233
38,0.3701886978086415,0.3253855038158999,0.39381381437801716,0.34324704693456004,0.4114231994361251,0.3513361370328612,0.4707805695924898,0.4004594727102759,0.5879069121014527,0.4894419203250866,0.753289552441984,0.6147011700522136,1.135701561341107,0.9698538373843789,1.6022350871055293,1.4467334519466155,2.2176930541072277,2.077925457273211,20.414267709183044,25.467307694909607
39,0.3643214650501833,0.3218357494018348,0.3877379253132029,0.33617475812364683,0.4065561633788359,0.3475850839920232,0.46760641359377664,0.3992649524963548,0.5862218309298975,0.48798416876440565,0.7515029827712927,0.6136433734095156,1.1337620150620904,0.9679587164535899,1.6009941170556903,1.4454336866369388,2.2114759852300248,2.0708834955844972,20.3252171545288,25.358828648910148
40,0.3591424000292267,0.3149798364621665,0.3820647701491081,0.3345513077939085,0.4014473502791313,0.3433322714173735,0.46420588907429716,0.39538561560837504,0.5840319519718223,0.4833013276748469,0.7497539614273255,0.6118817338215307,1.1318796725931262,0.9660475675695636,1.5997901027663786,1.444170998587397,2.2055117409922884,2.0640934852543724,20.238836892462192,25.25357706229675
41,0.35293514085097333,0.3121752824689367,0.376697544824655,0.3283653929462574,0.39647371551206384,0.34093935060970887,0.4616254392558333,0.39463584672641283,0.5824871494807972,0.4844460861436252,0.7480865147800064,0.610952449021081,1.1300549730757923,0.9642761090706135,1.5986167792848223,1.4429296230447703,2.1997595614320256,2.057582601655293,20.155025048547063,25.151358329134034
42,0.34818250271465423,0.3043901186858492,0.3712267978488634,0.32322146353756853,0.39209573544741533,0.3366983537897101,0.4584014602980288,0.39217050272255694,0.5807030894317157,0.48198017615990096,0.746463921676849,0.6098832178585635,1.128280513454181,0.9626207805032213,1.5974740185757181,1.441725797371324,2.1942218193829275,2.0513071719061564,20.07362719399309,25.051953042316907
43,0.3427859660308749,0.3013580257816268,0.3658699085738122,0.31917519136309036,0.3875010838778952,0.33741019077488943,0.4558351680567596,0.3916127505560814,0.5791077896012228,0.4810677240047549,0.7448983255443113,0.6080765499270021,1.1265477197117657,0.9609422984381615,1.5963599002930127,1.440565593841628,2.188884611041684,2.0452869827524194,19.994472026678157,24.95529601374283
44,0.3376135564602724,0.29816779092027634,0.36046443012446977,0.31464591089434224,0.38325135768407914,0.32980689021754145,0.45277410734305323,0.3891407505925653,0.577433337750589,0.48014168119782885,0.7433834933696373,0.6074623521912861,1.1248720358065178,0.9593109296460457,1.5952782989343415,1.4394227441308534,2.1837413580433536,2.039468580043962,19.917505057595704,24.861285178649602
45,0.3317207730324101,0.2976087707750903,0.35592272993905416,0.3106514945112426,0.37859546159890567,0.3260673175598013,0.4500122549473903,0.3853042382324858,0.5758713391880429,0.47966793722707063,0.7419420088725924,0.6056074652765772,1.1232314493119135,0.9577363838703175,1.5942215215003814,1.4383071584654559,2.1787727501895136,2.0338610875782708,19.84264544608839,24.769748402111635
46,0.3270856065558066,0.28852855464801413,0.35057196801842755,0.3092695598678636,0.3744480044001368,0.3222125080565514,0.44688576913112366,0.38244186029058375,0.5743975211192914,0.47842829039531387,0.7405216613599984,0.6048645247966785,1.12164066750432,0.9561718528493872,1.593189042925896,1.4372283869776232,2.1739729666477476,2.0284500413340303,19.76975607952746,24.680499951592807
47,0.3218818329385515,0.28506077083167186,0.34555907523619817,0.30346143192845615,0.3699567369279524,0.3195446708079042,0.4444185599875854,0.38384081236834594,0.5726814701763283,0.47569402382878834,0.7391555780199872,0.6040531728655246,1.1200817733376132,0.9546736028981326,1.592182714404541,1.4361633765873651,2.169330045882098,2.0232210240340587,19.698703231439644,24.593585193803158
48,0.317343748530221,0.2829623785512201,0.34085316042706804,0.300909495016037,0.3660256360664681,0.31808806707706355,0.4417167570604429,0.37905357127706407,0.5713987121801,0.47541915101958027,0.7378065813070936,0.6026981609208243,1.1185716474649539,0.9531651411150477,1.5911994089647217,1.4351248313640725,2.1648350542909123,2.0181418026609372,19.62950199062608,24.508788280768936
49,0.3127196544222247,0.2787553820850814,0.3357654531967524,0.2951726274390526,0.36141148124859235,0.31461216996749636,0.439211255834921,0.3769885986896571,0.5699584271477821,0.47363586643059263,0.7365368209538428,0.6018050352928086,1.117090388785392,0.9518198544168707,1.590239803432623,1.43411533351015,2.160469657938073,2.013251581567849,19.561990264258426,24.426045880998885
50,0.30733649347793635,0.2745095443696224,0.33142193673267434,0.29663696434403874,0.35736122149391136,0.3124076498406274,0.4368101861276279,0.37691028587923847,0.5684605426608507,0.4756186491162906,0.7352724743415417,0.6009306271087947,1.1156532836486401,0.9504365334957104,1.5893005600582337,1.4331262926749995,2.156251772395643,2.008493470088602,19.496117108512866,24.345235879080636
51,0.30316801792523873,0.27261732197160204,0.32662521690176105,0.28975042078295365,0.3533234906126255,0.3070201456693593,0.43417593508637703,0.37376792436750067,0.5673627280161404,0.472754047216453,0.7340543279285734,0.5997420708534166,1.1142371834455973,0.9490840346942394,1.5883820654552003,1.4321500761755581,2.152157892931297,2.003883071838341,19.43178889733085,24.266291444524757
52,0.2988788532226009,0.2691005154636693,0.32248952654369556,0.2878132930236497,0.34988161826084796,0.3062100632290535,0.4316395944574052,0.3732172153266193,0.5659620642631467,0.47100814163978466,0.7328507021887599,0.5989952204262682,1.1128651744711393,0.9477500738181505,1.5874831387420505,1.4311979963274424,2.148181595668969,1.9994333375263684,19.368949613380334,24.189108313950413
53,0.29466013756239945,0.26438011243719184,0.3176477097131583,0.28735927482837526,0.3460424338994484,0.3016512647344561,0.4292251593443355,0.3705988186333567,0.5647387225545939,0.4701527178874744,0.7316952519933037,0.5976196342501147,1.111520497513894,0.9464014773298367,1.5866024831920602,1.4302729557300435,2.14433160677147,1.9951033962183986,19.307509770498573,24.113740359151304
54,0.29016479799813527,0.26248268148875586,0.3136740649446822,0.28119295657855536,0.3421296623989886,0.3027130120787127,0.426709686153176,0.36944879666337826,0.5634729480853504,0.4702872995378936,0.7305944636456474,0.5967268890347974,1.1102058152653365,0.9451872459186121,1.5857403047638958,1.429373814672085,2.140583177295448,1.9908833065643687,19.2475258481264,24.04006302932213
55,0.2858706166769921,0.2650297260783576,0.30913441861941915,0.2791255707958062,0.33844572607525314,0.29682317724075225,0.4246193158253454,0.36899014259206836,0.5622092844493087,0.46827029312772706,0.7294782897320816,0.5960291403267771,1.1089120184170276,0.9439746754510062,1.58489710177563,1.4284885366561966,2.1369313311368883,1.9868022582801104,19.188884599469393,23.967909654138122
56,0.28164633599961947,0.26234181696558234,0.3054273072093068,0.27343786634835116,0.3347771095902324,0.2954172948311115,0.42219914586926927,0.36501290119927504,0.561004432661219,0.46862833065352416,0.7284209897543847,0.594940531723605,1.1076521457373147,0.9427669239748875,1.5840669154753864,1.4276200585764618,2.1333862905321275,1.9828351483556437,19.131462187397595,23.897317497366167
57,0.277434328453794,0.25241331854477306,0.3009044371992579,0.2726761926864756,0.33091357939361976,0.2914881360501491,0.41970417202283566,0.3628493677806384,0.5599225752778149,0.46786160853695985,0.7273798420375405,0.5941197279051607,1.106421438616444,0.9415782006503326,1.5832554393942506,1.4267658588334258,2.1299408356552556,1.978986277838646,19.07528968877582,23.828179758757795
58,0.2737375304729832,0.2500905059828547,0.29691159715708737,0.2817129859342951,0.3274580289808037,0.29122525816186895,0.4173490062409514,0.3612248950991137,0.5588419459213533,0.46575262076749,0.7263584423609548,0.593199374757964,1.1052050461825376,0.940475717671399,1.5824568783949435,1.4259404161293519,2.1265891996513826,1.975230152853604,19.020279755648616,23.76044828668604
59,0.2698033428776258,0.2453111758813482,0.29286459493539224,0.2649579525140706,0.3242290209583162,0.28884902929731193,0.41524608074976516,0.3654494390699077,0.5577331417490116,0.4647888098444257,0.72537544056842,0.5927153259662572,1.1040204207550997,0.9393324961215992,1.581674761145833,1.4251201025958131,2.1233193310485126,1.9715817245943792,18.966383963282013,23.694055341147436
60,0.2659955187018802,0.2432430394030557,0.2889761791772387,0.26453298516755036,0.3201672848308313,0.2857340845568427,0.41345708999589753,0.3598333647098447,0.5567387759593769,0.46441765145715236,0.7244064150344659,0.5920143598406186,1.1028625251452944,0.9382135581500425,1.5809086606953926,1.4243084963906574,2.120139933390884,1.9680160985204387,18.91355218177823,23.628992142700795
61,0.2618773003551763,0.2472053644985988,0.2853622390436111,0.2593223797863927,0.31746753188143517,0.2852261515380127,0.4110798908662282,0.36018548283377305,0.5556439328860355,0.46381231217548763,0.7234581914114426,0.5912692533338011,1.1017232196645408,0.9370895431546742,1.580157345463032,1.4235217366899764,2.1170272928191918,1.96454648419554,18.861793772118588,23.565185779890992
62,0.2581030160700926,0.23842552549439697,0.281486132925232,0.2587895895606779,0.3138467966875643,0.2831202869491624,0.4088914284344023,0.35572837206530455,0.5544857258060273,0.46551972568915984,0.7225310186779518,0.590268123384767,1.100611162834011,0.9360017659041682,1.5794177703578514,1.422753879941743,2.1139974466160423,1.9611740611456885,18.811036382276868,23.50267501229723
63,0.25400129070628785,0.2349619216372814,0.2776829662094855,0.25587945137117885,0.3108569141624523,0.2776666743267933,0.40667555789004967,0.3538930997325869,0.5534923702677192,0.46237558079470553,0.721615372418501,0.5896271486587712,1.0995102709901827,0.9349593517228301,1.5786928441966113,1.4219940415744123,2.11104634034444,1.9578928765404988,18.761316503384837,23.44130704907948
64,0.2508971826855252,0.2407966361550862,0.2741287435367206,0.25133047297670336,0.3077430686227721,0.2754686234619817,0.40476545620386634,0.3540675545707712,0.5527390977185221,0.4617419505941457,0.7207208154169702,0.5891171914016085,1.0984351700547414,0.9339301778765148,1.577981631666529,1.4212422699763858,2.108164703228218,1.9546899659293038,18.71249752553565,23.381090898936606
65,0.24740175308784867,0.22990465244929778,0.26997269093531595,0.248462064997316,0.30484924280930936,0.2724175746511356,0.4030698065454376,0.35087012613348184,0.5516543782632005,0.4604779185039069,0.7198737632255789,0.5881634904246025,1.097380627632875,0.9329346650926937,1.5772790847159825,1.42050018498463,2.10535487291934,1.9515625917265569,18.664605848920107,23.321970171998874
66,0.24394125527391194,0.23042793777482262,0.2669688623216961,0.2465511455324483,0.3017210779953394,0.26984412871264474,0.4008857613774432,0.35085908054131004,0.5507869760919192,0.4602645965338928,0.7190166478893462,0.587356514061613,1.09634458055369,0.9319448622576709,1.5765909139776058,1.4197753476391872,2.1026033496416305,1.9485107451236894,18.617591786861663,23.263896588856362
67,0.24023552086183264,0.22716419111038078,0.2629632863228048,0.24349777374067919,0.29841390082535224,0.2691497657539809,0.39887909257087784,0.34888003563939646,0.5497347627681851,0.4593525584108137,0.7181887810385612,0.5867272713501465,1.0953236159145556,0.9309848893452161,1.575914782986022,1.4190627194390508,2.099921034200795,1.9455227705058207,18.571408627129873,23.206868484572237
68,0.23726805846253196,0.2222964097419983,0.260283939192514,0.24249347355859033,0.2958012528193798,0.26663523996111205,0.39695588171084517,0.3471173348538394,0.5487264016948032,0.4576009294669616,0.7173815363306092,0.5862450398835055,1.0943234798784682,0.9300490231349551,1.5752479249602895,1.4183659393799128,2.0972921252311836,1.9426115279127225,18.52605765564372,23.15084349157775
69,0.23382842096764347,0.21890901228770834,0.2568711396885903,0.24066378233468005,0.29265186576857943,0.2632783087456755,0.39502403061318975,0.3453330243602762,0.548111370738009,0.4581803750228412,0.716570785738004,0.5856321362439048,1.0933468211608524,0.9291059556265769,1.5745907392056555,1.417670344366816,2.094725737784568,1.9397598105698384,18.481508805190312,23.095765344027814
70,0.23053154717689298,0.21782945946519597,0.252979410299434,0.23653965883067088,0.28954628702614355,0.2622979643896883,0.3931600109621951,0.3442942690379514,0.547039585963098,0.45885310716229705,0.7157960660491863,0.5850020441515692,1.0923779307480896,0.9281646385568704,1.5739454226349487,1.416989289363617,2.0922162736972947,1.9369915652157639,18.43772080540351,23.041604700699228
71,0.22725863948334418,0.21438420638075015,0.2501420360840303,0.23451800653206303,0.2871422821891926,0.2593667574703987,0.3911183991879913,0.34234623038416423,0.5462960291483758,0.4573065270344025,0.7150305865421364,0.5844409027123099,1.0914284507453962,0.9272451518204412,1.5733107568790754,1.4163258747514245,2.0897703040129345,1.9342808194935615,18.394658786936134,22.988374170763738
72,0.22409531509130046,0.21507572609509154,0.24698775225477135,0.2345926849712879,0.284109580259925,0.25848293693488456,0.38947333358323777,0.34174057148360265,0.5454140320137381,0.4565997696568813,0.714277227815449,0.583741813222763,1.0904946465930185,0.9263306257172759,1.5726859814696217,1.415673257094886,2.087370264279408,1.931613696032557,18.352344244795006,22.9360157858562
73,0.22078115159637077,0.20986717224414714,0.24421933674625765,0.2292023670497199,0.2808550693702551,0.25781732846069805,0.38743403332241994,0.339700399786968,0.5445649869766769,0.45517915002818177,0.713549886204268,0.5831957152911595,1.0895702846115096,0.9254278574083826,1.5720682771466463,1.415033135390634,2.0850176737209414,1.9290186579004298,18.31073583051937,22.88454334653657
74,0.21793196257366285,0.20858385706770008,0.24079429599002058,0.2277276442409149,0.2788746703192477,0.2538927995365829,0.3858160251070133,0.3373665571653197,0.5438119006040709,0.45611357092857363,0.7128236376242248,0.5825542861017687,1.088664700912781,0.9245201733311996,1.571463614240434,1.4143923818184236,2.0827164999823378,1.926477798804861,18.26981408993607,22.8338774695185
75,0.21460981921332503,0.20851541968989254,0.23796256156136525,0.22591706687593696,0.2760926183039803,0.2519016344118588,0.3842295013983596,0.3375971610469771,0.5429538994400608,0.4541266628086861,0.7121091821702582,0.5820267016664514,1.0877756919599058,0.9236617746024296,1.570866554501486,1.4137694189701173,2.0804628257937403,1.923982640087898,18.22955904931763,22.784076792148532
76,0.21214682367129042,0.20427421751280725,0.23511843923087486,0.22391170018118592,0.27350005504716784,0.2501745415585382,0.3823272344162673,0.33533241998385915,0.5422298024256086,0.45368635478278097,0.7114113336651676,0.5815489444239387,1.08690228712993,0.9228007813392601,1.5702789622982567,1.4131577818264516,2.078252046104576,1.9215552110390124,18.18997716791144,22.73501896975663
77,0.20863178135906507,0.20256724709947707,0.23189079051540104,0.22043033848548757,0.27106796242048214,0.24781808038356856,0.38064879443536603,0.33437766103908934,0.5414747417814124,0.45398026220316956,0.7107148540698913,0.5807864103998457,1.086040771842431,0.9219759667448222,1.5696994801311386,1.4125575483726163,2.0760913963131933,1.919166135200726,18.150996972598314,22.686712597626183
78,0.20615780657150612,0.1987337794209936,0.22845549940481866,0.22036217081135717,0.26857047015547814,0.2463688027682563,0.3787314923865297,0.3342494026927525,0.5407261338522643,0.4533836000658608,0.7100527574674724,0.5803130148079595,1.085189372885221,0.9211524978647091,1.5691286832507052,1.4119521700102708,2.0739675017611807,1.9168345725007832,18.11260678529617,22.639173246487022
79,0.2031452949748032,0.19668863870827435,0.226655630063191,0.21831340573985,0.2661989047121794,0.24688292371815648,0.37737016187930117,0.3319388972420998,0.5399581525648722,0.4518014693495088,0.7093947720900752,0.5798167501764344,1.0843483383316697,0.9203377127060162,1.5685639732247318,1.4113593035730823,2.0718904612185467,1.9145456093285471,18.074839365427284,22.592324990709425
80,0.20026833669551525,0.19500460289969232,0.2235188150976241,0.21470119677153715,0.26372406092315165,0.24316683543726728,0.3758228295059801,0.33116958264646856,0.5392665065026027,0.4517645434792993,0.7087384587376468,0.5795005856476394,1.083525932024784,0.9195480656741288,1.5680076746527143,1.4107712562448285,2.069852102298257,1.9123020685365046,18.03762036769313,22.546202027269185
81,0.1976867368109352,0.1933660638596624,0.22082530874175987,0.2132996285049786,0.2612614544310161,0.2410264712249117,0.3742084685351801,0.3296332731475971,0.5385054275676371,0.4514557850478318,0.7081088228308892,0.578948234924542,1.0827162341132048,0.9187618893355571,1.5674605439417542,1.410192024766518,2.067853554179572,1.9101051073356214,18.000984907859774,22.500782802187164
82,0.1950838884676096,0.19258226192937108,0.21832153052015144,0.21102362755190562,0.25893132137741537,0.2404255984011542,0.37251684947188785,0.3281245109482939,0.5378291932756073,0.4504350491638841,0.7074702723231788,0.5781566036158594,1.08191410928827,0.9179994269544856,1.5669214221500263,1.409624198152514,2.065896899508109,1.9079567010766767,17.96488724028899,22.45597610849465
83,0.19228650193112884,0.18833540231723503,0.21543964763033874,0.20867378172909684,0.25676166593508576,0.23717926737710174,0.37103688496620363,0.3279301213366645,0.5369848727078974,0.4495887504128987,0.7068616770486944,0.5778360376804333,1.0811231560435524,0.917268751055149,1.5663886638712798,1.4090600427148376,2.0639802514619863,1.9058362695383908,17.929307383522122,22.411796735190407
84,0.18954539463849115,0.18823653374399457,0.2130444444712154,0.20733664699375923,0.25449585239663375,0.2360355761544458,0.36951794341749383,0.32649036199588494,0.5364485902441288,0.44995161438810416,0.7062486795904455,0.5773359602895276,1.0803454357027824,0.9165522757422161,1.5658605547792914,1.4085079362239743,2.062090071927223,1.9037622057158372,17.89421535489986,22.368281551417457
85,0.18682326272764593,0.1852930817698023,0.21022746769693218,0.20809391955730364,0.2522452070750965,0.23532151384600278,0.3680190723330134,0.3256512398203018,0.5357820881091979,0.4492207672795639,0.7056526375465236,0.5769360748417859,1.0795771888979524,0.9158194250661164,1.565342931028144,1.4079627502140741,2.060237498892583,1.9017230180683982,17.859660465500795,22.325424658488757
86,0.18439313317030256,0.18314025686879462,0.20805303086113355,0.20358615486786283,0.24987484266233176,0.2343477129789409,0.3665615627403563,0.3241448382732316,0.5350934025383779,0.44881449012920777,0.7050697795026054,0.5764009606074817,1.0788217308705987,0.9150943356781758,1.5648313124036715,1.4074258494259688,2.058415657021927,1.8997198479516166,17.825612371649235,22.283128794778158
87,0.1817665678293675,0.1830100575250945,0.2054809894269402,0.20139908461735168,0.2479295906010134,0.231758991221489,0.36488014877362396,0.3226202057206572,0.5344960021614845,0.4484068758381999,0.704490140519306,0.5759794827752512,1.078075888537333,0.9143634112597686,1.5643264102103955,1.4069047768127743,2.0566252072325972,1.8977614583640263,17.792039780399016,22.241414646092306
88,0.17920790022155944,0.17906732261180877,0.20322638761697517,0.20154863717814384,0.24541894649697793,0.23300364239168872,0.3636920191129701,0.32216036532606396,0.5337574620745988,0.44883439808056275,0.7039069045929496,0.5757939117295402,1.0773414071612997,0.9136463710239955,1.56382664766845,1.4063855204088935,2.054870830100888,1.895837431705644,17.758913294213315,22.200241323762338
89,0.1766819721891551,0.1772691218283376,0.20049066756125167,0.19778080305148815,0.24368208150731532,0.23047904370747177,0.36224003192123355,0.3209018627704658,0.5331743117966611,0.44724317322223645,0.7033630732819629,0.5752607174107593,1.076612385179276,0.9129186552733624,1.563334037904069,1.4058650296309898,2.053147950387723,1.8939480977692627,17.726217646278315,22.159653145926338
90,0.17464465199830656,0.17558675075105845,0.1981868020612928,0.19754502448835984,0.24139740592917153,0.22830830781624234,0.3605345810725788,0.3194880802202695,0.5324794992292275,0.4474131975561527,0.7028154327555642,0.5747790631402302,1.075894457737931,0.9122276597422332,1.5628468345653834,1.4053472126645994,2.0514531578511197,1.8920952674790557,17.693996259944754,22.11961783986961
91,0.17228767883172091,0.1737024659446895,0.1958776140316992,0.19484308812712214,0.23918826261993065,0.22726269895807275,0.35924602464995914,0.3186687154869728,0.5319082177437655,0.44636544585227966,0.7022634350256531,0.574341150692531,1.075189395284824,0.9115545091957882,1.5623670993798082,1.404838388893992,2.0497910806862376,1.8902746848872143,17.662208975786548,22.080095240400343
92,0.16990029194099343,0.17211836990464496,0.1934407551695959,0.19269777765414986,0.2371216285635472,0.22489696857083608,0.35788298171565985,0.317368113833108,0.5312844662008193,0.4459335754363995,0.7017177450895432,0.5737312431405918,1.0744920204699866,0.910892576184766,1.5618915783435396,1.4043358558504453,2.0481526834772694,1.888483912839091,17.630847720698615,22.04109123680979
93,0.16733079801130563,0.17239217589347822,0.19135259076410102,0.19206133066433403,0.23555844321181799,0.22242921228185664,0.35655108547443115,0.3157333839703076,0.530784437918186,0.4456225165299007,0.7011947264544104,0.5731807918971396,1.0738023164028874,0.910218684544117,1.5614196097440998,1.4038443443223174,2.0465400110947405,1.8867249427757826,17.59987650128008,22.00264052405146
94,0.16528433563771647,0.16930910697564702,0.18919239312089242,0.18974781595721033,0.23340080724336235,0.22455215987019939,0.3553480213149625,0.31620102943164374,0.5301174467346373,0.44566828250297774,0.7006863089082424,0.5728583849122372,1.0731189416579066,0.9095546830463879,1.560955489213923,1.4033536246257463,2.0449593909279757,1.8849965157767234,17.569358967486988,21.964662969053673
95,0.16309147905606133,0.16546307360303814,0.1867643192311077,0.1874050978222504,0.23135503834336155,0.2203539157001843,0.35378473332259763,0.3144545820252649,0.5295067083902882,0.4449085752658656,0.7001709412647676,0.572500155477101,1.0724491102686902,0.9089100608684747,1.5604972650846987,1.4028753062187158,2.043406129947621,1.8832995425304169,17.539222539272476,21.927170998709542
96,0.16089036924723418,0.16504841835921621,0.18420633837741238,0.1857489241608258,0.22973856892629793,0.21767797104537193,0.3525561431819442,0.313516818728353,0.528981356959639,0.4443673458005407,0.6996573569531194,0.5723403098547987,1.0717879928277663,0.9082767089599459,1.560044548131063,1.4024020075210797,2.0418753731611634,1.8816303156866816,17.509467323894313,21.890158962381296
97,0.15864417059810546,0.1627305303080916,0.18279720217471188,0.1844270690614954,0.22797260606454053,0.2168781913119584,0.35137599605422803,0.3126722491433468,0.5283541060490997,0.4442497282192625,0.6991627725899189,0.5719007513793232,1.0711295465618111,0.9076395714811504,1.5595968199485752,1.4019333202850643,2.0403661162991473,1.8799820662719275,17.48009547825163,21.853598146485577
98,0.1565473437645669,0.1643098023871483,0.18065257094773712,0.18275960688226917,0.22603733451695796,0.21543464826539233,0.34986165433495153,0.3124599460457346,0.527854748895194,0.4437221891187095,0.6986731951514411,0.571543598409944,1.0704827664875873,0.9070132914435101,1.5591518683822538,1.4014671313938836,2.0388861944028327,1.8783704211559202,17.451085105218784,21.8174896259026
99,0.15434421307998417,0.1605514863221516,0.1786238275074604,0.18124406284886627,0.22391806500058348,0.2137235425229143,0.34879061490557267,0.310503620041415,0.5272824703362613,0.44324078233958464,0.6981722767320029,0.5709824850406553,1.0698417378487253,0.906386258566908,1.558713442561197,1.4010007043190191,2.0374317901571204,1.8767842861231911,17.422426246459086,21.78181480445298
100,0.15219948454781518,0.15812126924398498,0.17670030470320114,0.18065373226633213,0.22227742870444822,0.2134442123433052,0.34758583537091226,0.3093315534697378,0.5267033204780351,0.4433666941567595,0.697712705287033,0.570686946361523,1.0692109012982978,0.9057715198676575,1.5582786885942173,1.4005480193152215,2.0359981802563105,1.8752219100303837,17.394128752464265,21.746581059723653
101,0.15034762971550455,0.15576429572598688,0.17468251364316129,0.17859897243565526,0.2204390490602505,0.21097372310795806,0.34635366138860224,0.3092055007741956,0.526154892615259,0.4426375859183044,0.6972165693008575,0.5706063760912478,1.0685855813855816,0.9051702812974676,1.5578507687630807,1.4000975427956417,2.0345865504077425,1.8736812565714267,17.36617671815844,21.711740031500756
102,0.14842217786227085,0.15489951247358558,0.1726761196754785,0.17951476921882537,0.21872888104526614,0.21121613521294053,0.34490841271603273,0.3090048167799494,0.5256498586587137,0.4419142050696124,0.696779703500639,0.5700904158535849,1.067965979188329,0.9045785341356776,1.5574289849135985,1.3996558788374727,2.0331947773832613,1.8721708942516684,17.33853973253621,21.677364554193808
103,0.14621477206168326,0.15312997298728068,0.17078029419777638,0.1761491399533643,0.21715062309865035,0.20938035022155405,0.3439528195826808,0.30748263519679386,0.5251383991838419,0.4416967504423827,0.6963011725246142,0.5696132086180701,1.0673545329371374,0.9039836498316873,1.557009518794857,1.3992138366981093,2.0318284107147577,1.8706803249020882,17.31127736701789,21.64337171921002
104,0.14427574113003713,0.15173862961859538,0.1687486022580826,0.174288427668252,0.21519987896321796,0.2085897635650165,0.3426368061305927,0.3060703337486154,0.5245956533287903,0.44172563758389705,0.6958474878625053,0.5692412353501531,1.0667553141399675,0.9034290087046881,1.5565955292206046,1.3987731787958755,2.0304791959632413,1.8692151634563954,17.284301346005265,21.609748985027444
105,0.14249323756649532,0.15277238933764067,0.16672084797278866,0.17315854148324486,0.21330804022811756,0.2071474711736435,0.34122058084036766,0.30590058243627033,0.5241149749463494,0.44087125168645325,0.6954056472977717,0.5689662909272857,1.066155182000244,0.9028761772099387,1.5561852987207714,1.3983426873907079,2.029152361082994,1.8677766915025382,17.257627946355516,21.57653368870026
106,0.14087292431500584,0.15179781573159354,0.16518121557534812,0.17210495593806205,0.2116922456050543,0.20473379523589694,0.34034574619619096,0.3038117382033118,0.523579036537319,0.44042540395201135,0.694966667061772,0.5685878895186438,1.0655648258235162,0.9022982264974434,1.5557806162787682,1.3979157403184863,2.027847582863318,1.866353304045541,17.231296527465226,21.543733728343042
107,0.13903895550856166,0.14688425202087815,0.1633580348839082,0.17006620933563252,0.21020207754032866,0.20356106652414857,0.3392969622007696,0.30287909410857217,0.523040886932058,0.44059719957154375,0.6945268223137657,0.5682836634772165,1.0649814938691533,0.9017135757530851,1.5553793916707164,1.3974956049707723,2.026557730136008,1.8649529726047234,17.205268803689954,21.511300240126737
108,0.13724844470742484,0.14727452669678062,0.161639579184059,0.16813756933646837,0.20831060538143914,0.20258091481154775,0.3381391383428461,0.3022709550381881,0.522576797369384,0.44006250817787473,0.6940957510086009,0.5678412778036935,1.0644038115665813,0.901160180040181,1.554982597391198,1.3970841574551436,2.0252853090301914,1.8635743260970843,17.179551086895522,21.479230833758276
109,0.1355880326632049,0.14397469601167245,0.1599477928103148,0.16665062127735814,0.20708420129235797,0.20163946358734752,0.33687945593926405,0.3027106482553952,0.5219994719240102,0.43880764260667887,0.6936699311937534,0.5674941519211079,1.0638322483276086,0.9006114756532491,1.5545899436191266,1.3966679439168845,2.0240349891309313,1.8622146853085222,17.154128843065774,21.44753881933654
110,0.13372485765765849,0.14265276946017308,0.15812546708695152,0.1662956438775133,0.2056559014298966,0.20049520148138694,0.3358320884303352,0.30085515893738846,0.5216178143587157,0.4390842992390318,0.6932425862278554,0.5673824248642757,1.0632700566330464,0.9000840073148605,1.5542015891982812,1.3962633985603972,2.0228045864310737,1.8608784960995755,17.129000792838536,21.416183757312194
111,0.13221755940266425,0.14384264324979829,0.156533946976899,0.16469286317602166,0.2040613376984173,0.19918853784429616,0.3344346691211595,0.30015378523929953,0.5211073089832523,0.43884349673839623,0.6928404018535194,0.5670321330648338,1.0627126592682103,0.8995560964340059,1.553816015931996,1.3958555127599557,2.02159210532185,1.8595618581536955,17.104129137731075,21.38515829264824
112,0.13069628160035934,0.13997633267065573,0.15476906747849187,0.16289835380656378,0.2024023810637615,0.19810309254477176,0.33359740016596817,0.29879101724753826,0.5206227065722964,0.43869885696566163,0.6924263093274577,0.5666431525070679,1.062157151502117,0.8990367827157082,1.5534344329780159,1.395456998101596,2.020397255737516,1.858264010880381,17.079534641616217,21.354483575304155
113,0.1291159815856926,0.13859957465397313,0.15309078237256862,0.16313552470336407,0.2008948704878632,0.19759490873132432,0.3325915222782059,0.2984768681044649,0.5201592995852553,0.43808973684099506,0.6920202514983373,0.5663524365777453,1.0616064951320745,0.8985296582940764,1.553056549206338,1.3950637695237333,2.019220854491072,1.8569895127723957,17.05521362406465,21.32412766893509
114,0.12717284024251063,0.1374662960104167,0.15112986673814569,0.16132643790961487,0.19918216298854674,0.19611873510729502,0.3313812533147889,0.29767276102979784,0.5196895899835031,0.43762205157961165,0.6916276940050463,0.566064884862289,1.0610671931257487,0.8980253574296172,1.552682173074729,1.3946720593081319,2.0180559408854313,1.8557252537440785,17.031156530717876,21.294095083527964
115,0.12579314788223353,0.1368866375808058,0.14988065251422086,0.15920970686550798,0.19780255446622408,0.19526979964354943,0.3303006810460597,0.29695579566685437,0.519241030207654,0.43739621962232544,0.6912281123352638,0.5657392005027808,1.060529609445794,0.8975054925298456,1.5523124618491129,1.3942841708366507,2.016905961885643,1.8544826904541165,17.007349704020204,21.264374908672764
116,0.12432953344362709,0.13549992158788765,0.14848456167988192,0.15799304579425916,0.19652357020397684,0.1938870777490691,0.3292849284187227,0.29677772118246615,0.518755814208319,0.4372497767356816,0.6908341447043382,0.565359300580518,1.0599960609116024,0.8969879090492361,1.5519455838044403,1.393905221065277,2.015775781022762,1.8532597995156725,16.98378409380299,21.235005193625764
117,0.12284267421729629,0.13518307667794485,0.1465663979165428,0.1563518153916439,0.19502501978116993,0.1929208783240154,0.328032540020391,0.29468613209689193,0.5182664090116677,0.43700378405049517,0.6904497005561488,0.5651289228735299,1.0594725646350003,0.8964851697677462,1.5515823429948308,1.393528720075861,2.0146645342649223,1.8520552247615871,16.96052004039563,21.20592298272795
118,0.12145911456759982,0.13295727889672876,0.14513820567578764,0.15492690091796696,0.19347181459798024,0.1915926056836039,0.32713386526225224,0.29445057828438104,0.5178636873575772,0.43688221371232583,0.6900653266888389,0.5648182732131094,1.0589535514167054,0.8959770275454216,1.5512231282419642,1.393151934393521,2.013563480935016,1.8508619536319977,16.93746958654804,21.17713770373114
119,0.12002514288930358,0.13163782029316343,0.14364930562342418,0.15437896329487485,0.19214145435988444,0.1907892174174633,0.32628604311280035,0.2942239608230262,0.5174143961541404,0.43589446891117567,0.6896890149965477,0.5645208406918154,1.0584400937580463,0.8954832470475746,1.5508659567571164,1.3927792079342998,2.012478201764862,1.8496914519465029,16.914647240538425,21.14865074533547
120,0.1185116369282973,0.13006985079625558,0.14216325436955296,0.15333902362385407,0.19068127250047512,0.1898255512778982,0.3252788664286659,0.2931987892377553,0.5169606798731283,0.4361141230378832,0.6893129226487377,0.5641093235297744,1.0579282415653266,0.8949767702318765,1.5505142756276646,1.3924109261611413,2.0114112298142426,1.8485332928267606,16.89207827527441,21.12047194682906
121,0.11742890207292851,0.1295629113985987,0.1407999617280319,0.15188737620273834,0.1892955451997321,0.18933073612563128,0.3243369856083803,0.2924220828734008,0.5165326432028203,0.4355819992537569,0.6889473857238636,0.563812209350135,1.0574234673767715,0.8945010451847697,1.5501641458092499,1.392042389761638,2.0103574261535675,1.8473957610247758,16.869738644070967,21.092551940767635
122,0.11588686564110559,0.12824908800313037,0.13946502963171792,0.1503836912107585,0.18802780478107067,0.18807931507162273,0.3231316076846781,0.29311162253905987,0.5160830429971616,0.4357049547099128,0.6885792185062626,0.563556493914186,1.0569233474883133,0.8940157562641088,1.549818627940746,1.3916825414291156,2.009320040468438,1.8462744379278475,16.847632659943425,21.064958587420985
123,0.11486262599280579,0.128735386459111,0.1380659432365932,0.14961924975728755,0.18669189122959917,0.18597878392400413,0.3223858383449302,0.291233361457369,0.5156849707561374,0.4346864864743989,0.6882150231905018,0.563224435146219,1.0564304144520709,0.8935229162864498,1.549475305810716,1.3913278730044811,2.008295500321288,1.8451679320170962,16.82575203067159,21.037607136618327
124,0.11322178045806669,0.12749682211964,0.13691723550043391,0.14864985681519718,0.1850791426332502,0.1858677839704335,0.3212192490849818,0.28944326423365496,0.5152707185108825,0.43478709626667605,0.6878520564521625,0.5630314812871623,1.0559394327966662,0.8930469494147841,1.5491354068405754,1.390971469174465,2.007284669621655,1.8440702871736048,16.804086448939536,21.010531738356416
125,0.11221174005975229,0.12531859507701668,0.13537936320116484,0.14745174975964823,0.1838906728499605,0.1854547544506383,0.32043707424582674,0.28970318010875157,0.5148361205626537,0.4347513053217545,0.6874996365982181,0.5628749010010893,1.0554545274815723,0.892585375038861,1.5487952362640873,1.3906183574000015,2.0062826834317047,1.842990158109242,16.7826391808249,20.983715837224953
126,0.11095812613151207,0.12432576067782387,0.13386945960428728,0.14625241535490957,0.18273523456969892,0.18358735384905867,0.31956806698323764,0.2890061049772601,0.5144257612262646,0.433603169060693,0.6871543480531567,0.5626279852660419,1.0549751059528252,0.8921192641328708,1.548461502365359,1.39026688073069,2.0052962900247864,1.8419261110240015,16.761394589396243,20.957192111837454
127,0.10980984118502833,0.12276469927850028,0.1328142777620492,0.14537294097428252,0.18122405456297822,0.18238894507802766,0.3185316450874765,0.2885988775879291,0.514037492385028,0.4337164740550694,0.6868087373494246,0.5623484980883857,1.0544959749424379,0.8916732703523683,1.5481297325635335,1.3899159541858241,2.004322023939756,1.8408734661017732,16.740389940761922,20.930904352723672
128,0.10855163955624254,0.12398927950213108,0.13141972575739996,0.14400005086595788,0.18012520568746368,0.18133477160496078,0.31760048259521767,0.28804940124744266,0.5136296018812826,0.43331161849017213,0.6864616925316386,0.562133075392305,1.0540257428351765,0.8912311620900196,1.5478011386464228,1.389573358902203,2.00335930757733,1.8398365090046023,16.719564079981453,20.90486952307189
129,0.10773505022899349,0.12118142512191106,0.13006577031651542,0.14278177387755492,0.17887757898539136,0.18051441652434214,0.3167262785446344,0.28730205969857464,0.5131992499115162,0.43309507822168286,0.6861332481735606,0.5618728742223655,1.053557112022447,0.8907859431111754,1.5474753257493106,1.3892279009513666,2.0024148327684084,1.8388141511109075,16.698953896097308,20.879105852625052
130,0.10646724119407816,0.11983660565955298,0.12892118037633862,0.14388258678866137,0.17761481912962407,0.1789075429803632,0.3157408084974587,0.2864407455979897,0.5128374278514798,0.43270281239096164,0.6857912262046318,0.5615978002548218,1.0530933135102625,0.8903502971667961,1.5471531871161504,1.3888904747704567,2.001477403968588,1.8378066190945104,16.678540609505557,20.853582297639893
131,0.10531610597886447,0.11922658471931964,0.12773567280933268,0.14114849182038472,0.1762513687575151,0.17876807382247717,0.3149740135412818,0.2851511607175977,0.5123967396778716,0.4329839439814901,0.6854592969168022,0.5612647390717943,1.052633096133213,0.8898994796969033,1.5468327536896107,1.388553588848396,2.0005545385927346,1.8368092329044061,16.658321322288923,20.828297702432266
132,0.10428711243963902,0.11783706498850742,0.12640570629829623,0.1396398573746822,0.17526884697962566,0.17797919197622777,0.31376499478452446,0.28446130792202035,0.5120003187423978,0.43200430171243076,0.685132164139207,0.5610931584400497,1.0521802451073543,0.8894752625761361,1.5465156836409395,1.3882220519587325,1.9996426264037224,1.835826022401819,16.638313273590857,20.803260581481634
133,0.10306309091281805,0.11726316714962128,0.12524844956679365,0.13890968341692328,0.17375119971641825,0.18015334609106845,0.3131417565128019,0.28392233791316085,0.5116387538080523,0.43174775551105365,0.6848061061351957,0.5607845570066292,1.0517295137376526,0.8890447817412503,1.5462004646391303,1.387891604277888,1.998743673750778,1.8348527730979356,16.618474678677618,20.778450560922106
134,0.10195620151025445,0.11639850833292666,0.12424306518423552,0.13765573323947455,0.17309200891382942,0.1754702996003804,0.31220998681772055,0.2838614586685679,0.5112493080059769,0.43157543974556944,0.6844855843491283,0.5605280222563908,1.0512811958759243,0.888613966533116,1.5458882080829712,1.387568506231449,1.9978544539583225,1.8338907799697275,16.59882074691749,20.753837074317367
135,0.101089141125279,0.11590450132274863,0.12283573814344259,0.13751767882572608,0.1716637105927093,0.1757386246191457,0.3113806085319871,0.2838591090270451,0.5108772514354516,0.43153098715937194,0.684166560321664,0.5602318343270588,1.0508381494685526,0.8881915308571802,1.545579254712858,1.3872444129342516,1.996969756742451,1.8329445903524388,16.579355959062884,20.72950290435641
136,0.10033292874441567,0.11466166255949753,0.12180834643737729,0.1357436023395637,0.17043425801199116,0.17380411762909348,0.31058127825660176,0.28156140964900334,0.5104931754690369,0.43087893398524507,0.6838477264372981,0.5600038351683782,1.0504004156730187,0.8877706158924572,1.545272427268246,1.386924250372525,1.9961041453925692,1.8320110863652723,16.56007824325757,20.70535082323798
137,0.09923476025332176,0.11425137745188962,0.12092173687612906,0.1347248703901991,0.16924358837386777,0.17313654386057642,0.30964011576709044,0.28200881558979674,0.5100978210086758,0.43082246498521326,0.6835321285774795,0.5597143286554684,1.0499620490406891,0.8873412026560366,1.5449686318559486,1.3866040304963811,1.995249227330035,1.8310875703548564,16.54095298714244,20.68144834358704
138,0.09817633855153256,0.11346888569335045,0.11964193367083419,0.13403448412571048,0.1680878946594913,0.17222775849215502,0.3089609629928057,0.2808011606262235,0.5097071065420735,0.4306449530747136,0.6832209273201799,0.5595124725050526,1.0495305429855453,0.8869275546426256,1.5446669992757125,1.386282776376884,1.9943988805553619,1.8301707756343146,16.522029504829824,20.65774417745656
139,0.09739495600230147,0.11237549327424007,0.11844190048400777,0.13649137812882223,0.16713758886793198,0.17151149009248892,0.3080888684007558,0.28036444809636457,0.5093749225598351,0.430197267491242,0.6829152390796628,0.5592495692774581,1.0491028707415218,0.8865130758050628,1.5443671982247993,1.3859679872766504,1.9935626628644776,1.8292698782653056,16.503263464605215,20.63425311196614
140,0.09659868281214222,0.11104094338387692,0.11755499368855561,0.13266859814304435,0.16582719225832107,0.1707785333171854,0.3072697158468999,0.279397607231375,0.509021055080635,0.42971343448009397,0.6826052991502282,0.5590731890917999,1.0486787805562143,0.8861024764958274,1.5440701156472352,1.3856528051968278,1.992736461750968,1.828377949897879,16.48467180429207,20.61097659219075
141,0.09557918163925302,0.11041509091413668,0.1165653000731478,0.1318229518500455,0.16476254807551008,0.17063329184583842,0.30636488248547755,0.279339850800378,0.5086352245479807,0.42960990943344946,0.6823026176597474,0.5587998925171462,1.048258629776136,0.8856903672805561,1.5437739739851073,1.385345666396794,1.9919188607956215,1.8274989829274821,16.46624014254042,20.587903412692064
142,0.09473773166422601,0.10971757857670338,0.11554803903926146,0.1317797360822485,0.1636998662494769,0.17035418766472726,0.3055669873524715,0.27799080522189584,0.5082529996528938,0.42902339752671753,0.6820120246181616,0.5586309381893703,1.0478416148425984,0.8852963651929583,1.543481970763072,1.3850403536716704,1.9911113331903856,1.8266284684242287,16.447979286354343,20.565033009721727
143,0.09402629926288476,0.10888983523610778,0.1144929997336259,0.13006423931990937,0.1628602264232058,0.16781012634632037,0.30477596196900764,0.278278891177013,0.5079220408534564,0.4292271371251844,0.6817175224415764,0.5583288396520568,1.0474275614617115,0.8849052139103706,1.5431910089250098,1.3847335712075821,1.9903125642323385,1.825772822666638,16.429876915670896,20.542372163293397
144,0.09305051164161615,0.10955440784469614,0.11375849842260653,0.12910834014268932,0.16150709399509086,0.1674738916123442,0.3040196453778789,0.27730043332271387,0.5075894811325895,0.42869285685675484,0.6814232652709691,0.5580678693766664,1.0470170523644473,0.8845048530935654,1.5429035175146355,1.3844309099789323,1.9895262926159423,1.8249257153478162,16.41193813834819,20.519882602409776
145,0.09219464301726585,0.107493110881944,0.11279204541242936,0.12839248181123453,0.16063917005533068,0.16620979708403788,0.3032007869816609,0.27688369979999333,0.5072102905160772,0.4287587948326994,0.6811303488959894,0.5578502806536669,1.046610757869106,0.8841229895652809,1.5426167418370802,1.38413294031115,1.9887469300617004,1.8240868051651076,16.39415651353706,20.49762314105856
146,0.09150483330101035,0.10649053358238907,0.11176737330704851,0.12675249783569956,0.15946318639615306,0.1657280540378223,0.3024112299841572,0.27644754956508505,0.5068708101989918,0.4282301366916431,0.680841305874873,0.5576803485748216,1.046207434192812,0.8837355699445226,1.5423345128103916,1.383837384660843,1.9879762102237661,1.823258256207546,16.376528566222486,20.475498778244546
147,0.09080200174612195,0.10648927599044856,0.11075145908506666,0.12659294728575082,0.15860466506922777,0.16489006451198032,0.301658972840911,0.27555429914901997,0.5065255471502835,0.4280859827701681,0.6805561420793959,0.5573944288521565,1.045805915268095,0.8833476814730414,1.5420521508369034,1.3835449037880734,1.9872161538861481,1.8224377141210246,16.359033386520142,20.453604204901332
148,0.08998134232151503,0.1053910159565545,0.10988124447710823,0.12571385631273532,0.15753011370986594,0.16367431513487998,0.3009040054409794,0.27455801893337606,0.5061736262902778,0.4280445538424506,0.6802743098777401,0.5571631057509061,1.045408427525692,0.8829526171895671,1.541772591792479,1.3832525915700227,1.986464039235925,1.821629049507855,16.34168919014772,20.43187841030177
149,0.08929354554570718,0.10532983199422583,0.10909045462450227,0.12461689517562613,0.15658249512444772,0.16351871565351345,0.30006146128970335,0.274433017202786,0.5058436885544922,0.4276943532704133,0.6799970012863457,0.556897843060235,1.0450151457977392,0.882591824343639,1.5414950352683932,1.3829615569467029,1.9857175335999082,1.8208300635145216,16.324507054210994,20.41031811343038
150,0.08859063205411949,0.1037932580547967,0.10814789366521793,0.12379748989355388,0.15559710879213323,0.16220849554233363,0.2993967937835979,0.27518647646375477,0.5054945944654079,0.4274885828859113,0.6797171635420399,0.5567505976249432,1.0446226216879424,0.8822171656368989,1.541219819527886,1.3826762692681673,1.9849856290283907,1.8200450588329673,16.307450713641586,20.38897635361244
151,0.08783141287046557,0.10381402321196542,0.10726679083917494,0.12381225631301626,0.15449331181975376,0.16152397527776916,0.29869460866291014,0.2735735589941147,0.5051656978719965,0.4271688051411671,0.6794382117937136,0.556502291839111,1.044235264588283,0.8818655439198311,1.5409470672788468,1.3823902872395633,1.9842619302518678,1.819262806887697,16.290571794465848,20.36781033483045
152,0.08702805593663329,0.10241898875224767,0.10665262453582973,0.12253710713439388,0.1536492633874628,0.1607558072347359,0.2979997953309225,0.27243234559232965,0.5048292586563672,0.4270912727698904,0.6791697287571742,0.5562837044593736,1.043849865450744,0.8815035322029602,1.5406760835231665,1.3821072841512745,1.983541843743126,1.8184888520264273,16.27382329702989,20.346816261178756
153,0.08648274798403036,0.10270066674560162,0.10585939214111384,0.1215713775583676,0.15246978090849517,0.1604878220505315,0.296999887089169,0.27193220238673865,0.5044988023250025,0.4269437137495708,0.6788997094285005,0.5560536186683354,1.0434668689706252,0.8811485050934289,1.5404077554372961,1.3818259030140092,1.9828322135466316,1.8177232802207834,16.25720123371263,20.32597662451232
154,0.08593485623812173,0.10159838626831036,0.10499229455465167,0.1208676627557266,0.15186008086505456,0.1591237752895637,0.2964902811138492,0.2715820483386223,0.5041713602791205,0.42623247451382906,0.6786342674368403,0.5558539918490819,1.0430872684995476,0.88078435759239,1.5401403215740082,1.381545696352503,1.9821263964448972,1.8169656565623917,16.240712646633128,20.305319655470072
155,0.08498612870278267,0.10147040165557063,0.10410165691173891,0.12164413438641966,0.15078222851850487,0.15906212149288854,0.29568373770546214,0.2705415466882912,0.5038573990423536,0.4260096466012776,0.678363617993184,0.5556761320001387,1.0427130720320574,0.8804248269555603,1.5398748949284795,1.381269591665033,1.9814317786675224,1.8162237021723404,16.224381483732706,20.284803911030586
156,0.08424170992163708,0.10070682619446017,0.10338908610717341,0.12102312252586112,0.14996127597662717,0.15773266594985436,0.2950633576614787,0.2704977580626023,0.5035426205093889,0.425853800391916,0.6781031041374079,0.5554999955769243,1.0423391348524176,0.8800625530957001,1.5396117800746347,1.3809963526984155,1.9807495573962757,1.815484798013283,16.20815244393816,20.264480023313627
157,0.08374334307183909,0.0995202859927868,0.10269003153428351,0.11921972650025278,0.14890744803562234,0.1567768507990344,0.294320822115309,0.27002483220229595,0.503194903712691,0.4258273358121881,0.677842422309076,0.5553016758904669,1.0419690070762704,0.8797045821626786,1.5393507982107724,1.3807216033559715,1.9800677657677859,1.8147550364433251,16.192069811891933,20.244314520699636
158,0.08319237571517402,0.09902919234313401,0.10196115911702672,0.11815603059794515,0.14815533980918336,0.15632376916009216,0.29353744306889723,0.26966817995597575,0.5028622500411115,0.4257710406052068,0.6775814486198268,0.5550367449304741,1.0416006461970926,0.8793603576462844,1.5390903213808267,1.380451245613286,1.9793981907855798,1.8140332384062519,16.17613092484139,20.224289489144763
159,0.08249726837387203,0.09945196340530377,0.10108675398907337,0.11849488632138727,0.14724989560107318,0.15599883509974175,0.29301145092654435,0.2692930448965486,0.5025803772362762,0.42564498785094085,0.6773280403135739,0.5548578878341637,1.0412364919164843,0.8790106549051595,1.5388325970254841,1.3801846173009262,1.9787339195096842,1.81331896558771,16.16030221805015,20.204408209664482
160,0.08210222444293008,0.09754786249892465,0.10045265627861512,0.11705262014284509,0.14636644911175817,0.1550400547793346,0.2922477334294336,0.26817195161516444,0.5022623694634181,0.4252736913159563,0.6770729730929271,0.5546682740667184,1.0408734542642146,0.878668831017217,1.538576380982651,1.3799190603453537,1.9780717117472022,1.8126091466161418,16.14457748235954,20.184726446367836
161,0.08142464780666817,0.0973026733019669,0.0997054501473445,0.11605875605873286,0.14556904662536194,0.15482481697510028,0.29148546049630353,0.2684626233695176,0.5019154271937567,0.4244719839742031,0.676816781671797,0.554467124833262,1.0405149022024556,0.878322262716998,1.5383220405563933,1.379656193643955,1.9774169373108583,1.8119062582260281,16.129007072311722,20.165169096697728
162,0.08074255061874394,0.09727123593315115,0.09892105430960961,0.11657404585424902,0.14456410128040276,0.15419184960461602,0.29089640453266696,0.2671410985034088,0.5016656228675177,0.42446839882822457,0.6765670362284637,0.5542431420880586,1.0401574905252629,0.8779724808162069,1.5380698647114972,1.3793926368206006,1.976766535317121,1.8112109845494988,16.11354815471839,20.145774117831525
163,0.08028196309730908,0.09607669146630564,0.0982493302091505,0.11503758183107,0.14395879591624514,0.15321523820238162,0.29022439038710696,0.2669457568176861,0.5013328850108761,0.42415335275269495,0.6763181698358994,0.5540124774566425,1.0398033835142928,0.8776213857340696,1.5378187519272148,1.3791280539752226,1.9761297712820258,1.8105251989928373,16.0982007351088,20.12651596257252
164,0.07970493499011856,0.09635282798206865,0.09772767096819053,0.11404105595179967,0.14292875942571032,0.1526835158393888,0.289537210314472,0.26672862804875586,0.5010258714470146,0.42430728192399875,0.6760733923647818,0.5538846253761517,1.0394508786510968,0.8772845521936276,1.5375697593862672,1.378866969423341,1.9754980629440941,1.809850736087179,16.08298068636194,20.10743643286193
165,0.07928364943653697,0.09500348839560166,0.09670648497685584,0.11390840317962204,0.14223634327234763,0.15148552154085318,0.28887804758325486,0.2656050460826,0.5007259276935906,0.42407399806483037,0.675828964340803,0.5537618823826607,1.0391023257868666,0.8769566196526213,1.5373227899535733,1.378605923159369,1.9748748974900419,1.809178603576322,16.067892351341346,20.08847001738149
166,0.0785818973241738,0.09478038397475416,0.09619624448348583,0.11377080309714002,0.14139442850972764,0.15087183492230663,0.28806547592578025,0.26609722189421725,0.5004320107664189,0.423887662729019,0.6755841412074508,0.5536006250992197,1.038754479789685,0.8766200527181767,1.5370772730209328,1.378353229766996,1.9742571155005935,1.8085129062530443,16.052906082959712,20.069631685529437
167,0.07816499250708267,0.09408195221365379,0.09564932654184094,0.11250397444799029,0.14035651951171974,0.15134845939763072,0.2875627165424206,0.26544571121044347,0.5001397611851445,0.42355823957274114,0.675343229466062,0.5534115603991917,1.0384116513934607,0.8762861512564674,1.5368328699764684,1.3780971999238865,1.9736410873862278,1.8078544716529659,16.03800871953284,20.05097800193749
168,0.07747502556752095,0.0938373634674279,0.09499899458738398,0.11166263033310181,0.1397895678503199,0.14981372849694613,0.28684261191374466,0.2648067778554456,0.49984209452487677,0.42326833033209366,0.675106484921178,0.5531701301119011,1.038069488440739,0.8759513966555665,1.5365903881037768,1.3778418909739978,1.9730341888562786,1.8072005782808576,16.02326667985285,20.032446563420038
169,0.07704675185827184,0.0932049329571536,0.09438833758548446,0.11118925400995856,0.1388113543704695,0.148884115665417,0.28627964153297136,0.2644357415549274,0.49953504683360983,0.423104372224197,0.6748665984867168,0.5529525806751158,1.0377296836759078,0.8756301397173275,1.5363500197279936,1.3775938384051394,1.9724285730280713,1.8065578300964655,16.008607943551,20.0140600533321
170,0.0763351058397249,0.09380608454273252,0.0939044390919271,0.11168566562712486,0.13824120006113558,0.1487324970402741,0.2855505850695536,0.26365497338360755,0.49923984735607796,0.42290983525990267,0.6746307360752843,0.5527477926808625,1.0373920310271465,0.875306917763696,1.536110865268541,1.3773459836179986,1.9718369144852679,1.8059206143975846,15.994073144786476,19.995784492680592
171,0.07608074161748264,0.09218939121427207,0.09323675482662412,0.1100913677382939,0.13735555044010764,0.14793062317253922,0.2849837298757789,0.2634131238525137,0.49893370518597535,0.42245006367490795,0.6743989599858142,0.5525511195506956,1.0370566189992483,0.8749955699948841,1.535872716252898,1.3770994923972144,1.9712479768807365,1.805288596458623,15.979637371178711,19.977674617673376
172,0.07549404751503694,0.09184558596370256,0.09260102982029296,0.1098205644802507,0.1367553712007876,0.1476415547537686,0.2842420259780184,0.26298107692760786,0.4986558510637577,0.4224096622960321,0.6741672156834492,0.5523899119475792,1.036724397786279,0.8746739867872793,1.5356364406519147,1.3768513653665928,1.970666873473397,1.8046645184455834,15.96532137422087,19.959713912362535
173,0.07507134948313818,0.09119895629841705,0.09197377668566555,0.10926265851617446,0.13592855135650742,0.14664166408219362,0.28360815650227744,0.26232344133806934,0.49838917476204864,0.422198676593198,0.6739391672605121,0.5521832907141135,1.0363925918913792,0.8743551840335865,1.5354018153747941,1.3766046773036713,1.970089725398479,1.8040462987176302,15.951115276362115,19.941858445717195
174,0.07460022559489819,0.09113768229050002,0.09150485093163001,0.10827846937432077,0.13522520587536357,0.1457557961858552,0.28315680613879857,0.2613580601115532,0.4980801141662681,0.42185696777451803,0.6737098871010153,0.5519821081255457,1.0360663738233606,0.8740504460968995,1.5351683293323508,1.3763623752030245,1.9695157991549246,1.8034331117357527,15.937008662099041,19.92412805792146
175,0.0741574468959855,0.09005987757238848,0.09079769480956279,0.10822489753438921,0.1344214617808456,0.14551185428215366,0.2825174037189347,0.26130895475155025,0.49778846053204945,0.4215283171003088,0.6734819831574128,0.5518988660403661,1.0357408199633251,0.8737379449928923,1.534936915916807,1.3761183177309084,1.9689517437830653,1.8028282006973115,15.922994899798688,19.906531222113248
176,0.07372913505306698,0.09023856259331915,0.0904035631137178,0.1074231869554872,0.1336729344571169,0.14505896898619647,0.28184340773728517,0.2605667156098511,0.4975214827788555,0.4215826198678886,0.6732621516369134,0.5517430134007496,1.0354154081574583,0.8734333645534046,1.5347073448322075,1.3758780084807298,1.9683937720606546,1.8022288995423341,15.909081847169816,19.88906444869018
177,0.07338073308641266,0.08947410748656748,0.08973724756403235,0.10676086517830788,0.1330020395049748,0.14414904803184453,0.28133187866045795,0.2603220079185927,0.49725294486873267,0.4213658087359273,0.6730347199217365,0.5515587364511537,1.0350954959856173,0.8731266241355483,1.534478709892226,1.3756384567674158,1.9678428686600944,1.8016372630161606,15.895290870529497,19.871718896198743
178,0.07283754209032604,0.08940469845028347,0.08924575898932029,0.10611990204291978,0.13235063063847585,0.1438556960063615,0.2805784456359233,0.26012744636371216,0.4969781316797693,0.4211789016653164,0.6728160509120017,0.5513916579373365,1.0347749112874438,0.8728277683258057,1.5342511700140384,1.375398006580146,1.9672906840991338,1.8010452719157553,15.881571034176524,19.85448083360794
179,0.07246223007213648,0.08863128182923265,0.0888849058950663,0.10604116556973293,0.13176290634704163,0.14363315608994714,0.28008519491212314,0.25894890458419406,0.4966826812006254,0.4209543375839741,0.672595607127331,0.5512430591536273,1.0344580945141686,0.8725261858531407,1.5340248461745836,1.3751624631177028,1.9667443064434704,1.8004645494404685,15.86796640686771,19.837383379255023
180,0.0718806600956014,0.08893201776913234,0.08829727981252937,0.105451620748184,0.13085482072347002,0.14297987989016941,0.2795348104940065,0.2589538425794376,0.496372560928148,0.42074727166462417,0.6723739590260724,0.5511327446387906,1.0341427497829518,0.8722316936906336,1.5338001689402,1.3749290485100205,1.9662088325416327,1.799888490338631,15.854458787760532,19.82043600974999
181,0.07160257067953764,0.08800697141680225,0.08765866379361081,0.10535422192124898,0.13032994458175673,0.14210782039341668,0.27893176553737453,0.2583279293746197,0.4961602267606128,0.4203598299049979,0.6721586521800939,0.5509733607029093,1.033828089676373,0.8719325590603457,1.5335773938677137,1.374693908127658,1.9656782485938427,1.7993227089567136,15.841063378785682,19.803562433026695
182,0.07127295592508297,0.08719368645269883,0.08717509693881376,0.10426709648276784,0.12963543923666318,0.14132140449115208,0.27832582090193336,0.2580942418774948,0.4958759301561402,0.42030160576839165,0.6719468895473989,0.5508315079317891,1.033517430879447,0.8716302758954428,1.5333560358138498,1.374461199379907,1.965155191162172,1.7987568132983052,15.827740633824105,19.786831056190827
183,0.07070369532225743,0.08692821946931002,0.08671991259333658,0.10393464545457821,0.12896922207095796,0.14095848597622856,0.27774297193480246,0.25728319922985116,0.49559533057792665,0.41995505787468895,0.6717233001727089,0.5506318685456449,1.0332076549774687,0.8713421309522807,1.5331349777527012,1.3742320335557308,1.9646318222450072,1.7981965885960998,15.814521831044667,19.770177004959784
184,0.07034290975113598,0.08655743373585452,0.08623409719995317,0.10386621639352714,0.12828670671011866,0.1404391587955024,0.2770867982908908,0.25725638798892203,0.49532981886809885,0.4200085719817965,0.6715158629136063,0.5504532523343129,1.0329005021324764,0.8710508025925735,1.5329160588285506,1.3740025332408585,1.9641151210599952,1.7976426832781636,15.801355783336282,19.753666983919192
185,0.06988779092795303,0.08594962092015544,0.08563546435520428,0.10271752579458829,0.1277081292472386,0.14009991810826833,0.276653623317926,0.25670859382070343,0.4950595688183776,0.4199500764532042,0.6713073862415513,0.550287873580538,1.0325958279889935,0.8707582828446562,1.532697852884824,1.3737771231552651,1.9636060516549234,1.797096135933411,15.788322461061199,19.737250857047847
186,0.06952246418208449,0.08558226507432355,0.08534599287333153,0.10277463815041951,0.12695740440859435,0.13927109148995628,0.27606949757587734,0.2560573615317274,0.49480055311265636,0.41965702804438587,0.6710986329109746,0.5501309715468308,1.032292285315375,0.8704708935591975,1.5324813202749832,1.3735511683478143,1.9631002357031762,1.7965508241371568,15.775361407824576,19.72098920474499
187,0.06915675387008181,0.08540983342478428,0.08475979300815059,0.10189404951527788,0.12630856487538766,0.1388123715158754,0.2755182467144902,0.2558680023172219,0.49454858052907935,0.4194327122765809,0.6708917041660395,0.5499765733192707,1.0319924413026327,0.870180689642582,1.5322663237584928,1.3733263753317848,1.9625949399174025,1.7960124016982582,15.762512748017564,19.704807967387985
188,0.06892776929832166,0.08490971113220225,0.08430205646609881,0.10172380951090987,0.1257486341984655,0.13835504408834015,0.2748401471258372,0.256185719635099,0.4942739512077535,0.4191569331537914,0.6706845750528583,0.5497982567167047,1.0316914708446758,0.8698956865395231,1.5320528913363853,1.3731045875643275,1.962098991118559,1.795476976169154,15.749737050901503,19.688746056768107
189,0.06850263910103357,0.08437477102861028,0.08399156606185125,0.10101550749957268,0.12511429700822693,0.1374954842728347,0.27402333788011796,0.254608453391808,0.4940228190252021,0.418973391602192,0.6704791930805665,0.5496373578245417,1.0313939622147013,0.8696168328740914,1.5318402969023703,1.372883856120368,1.9616025861928008,1.7949436186569665,15.737042975389022,19.672802300288758
190,0.06814954894790287,0.08406303177766612,0.08345308588017801,0.1008150084045133,0.12464396850062126,0.1370297533831573,0.27381943911390466,0.25491366113347963,0.4937533065990156,0.4188674933511048,0.6702780929573259,0.5494544453221589,1.0310979173634833,0.8693372890867036,1.531629041007019,1.3726629886721156,1.9611116182504402,1.7944194988664148,15.724457020218889,19.65694784342949
191,0.06772608367440455,0.0846464516053646,0.08306345488396347,0.10089099388844862,0.12391123725717773,0.13724529960472595,0.27327695558045445,0.2544198160688278,0.4934810660875045,0.41870648558503887,0.6700695409659791,0.5493085093098908,1.03080211236209,0.8690518612932102,1.5314189591243856,1.3724433128469684,1.9606276310548347,1.7939004746563916,15.71192380338525,19.641179835502736
192,0.06746985667206924,0.08358009604397666,0.08253525746608771,0.09964271523975973,0.12325403408752826,0.13667415465627397,0.2727147020196964,0.25368928021104464,0.4932253093398981,0.4180886637107492,0.6698690346811538,0.5491404373070289,1.030510278406236,0.8687743962104685,1.5312105130513183,1.3722255018544314,1.9601532076003307,1.7933921286625227,15.699481224463254,19.62554948177244
193,0.06692252277471641,0.08320512792893818,0.08213694548342337,0.09944851195136901,0.12261019879851726,0.13593123721078113,0.27225203357365513,0.2535033922624118,0.492996691250691,0.4181955260302633,0.6696715177879266,0.5489578322823999,1.0302203534382193,0.8685068745918462,1.5310028938589002,1.37200756801173,1.9596809553207037,1.7928805828094483,15.687133378429618,19.61002457153621
194,0.06661970126989745,0.08331870089464,0.08178651917051083,0.09866122767109002,0.12225911086984266,0.13523218279401658,0.2716247141147161,0.2529714806179695,0.4927299586670897,0.4182998371241715,0.6694722671763232,0.5488301645358795,1.029930756384437,0.8682411308946281,1.5307967464271848,1.371791418432602,1.9592098666680906,1.7923771024337543,15.674865300181953,19.59456791619362
195,0.06627174279073864,0.08256484356713413,0.08132808925770318,0.09859480782242244,0.12158415018747622,0.1347171169636872,0.2710447336386998,0.252942515711479,0.4925053156296861,0.4180027815508725,0.6692722590841839,0.5486424486625371,1.0296437012714994,0.867979798880704,1.5305908028684316,1.371575499050723,1.9587456334854407,1.7918774294735762,15.662675854412331,19.579224797892454
196,0.06598135765857914,0.08197704961000404,0.08095346676379733,0.09841553719319733,0.12100914353327974,0.13431518813365786,0.2705355476574631,0.2522672685055897,0.49225377312924934,0.41762580172768954,0.6690737213153849,0.5484756558399483,1.0293587938279847,0.8677009863219237,1.5303867669213178,1.371362237977277,1.9582842077457825,1.79137905489635,15.650551179520836,19.56399518468697
197,0.06559783707235703,0.08164769601939346,0.08044549418281689,0.09751514950262502,0.12040506878943245,0.13400724659412366,0.2700722065566441,0.25212894797031515,0.4919840821123784,0.4174224721387102,0.668883173125655,0.5482941523561337,1.0290747652792698,0.8674349322107625,1.530183517523091,1.3711505354331632,1.9578260261808194,1.7908904605311127,15.638531194484314,19.54886203446412
198,0.06520132621193067,0.0814987990876724,0.08004208032200433,0.09708529185925799,0.11983814792580455,0.13302253655024937,0.26955511945525823,0.2513064273766109,0.4916921181502007,0.4177536481413348,0.668689562248046,0.5481645160707934,1.0287938670661891,0.8671699549764248,1.5299821462675265,1.3709394217711952,1.9573745434684224,1.7904006068929663,15.626577722286187,19.533807284726297
199,0.06479291596156991,0.08139334822376373,0.07971110099887407,0.09656011910714539,0.11927935119590251,0.13324093028829603,0.2690478607087089,0.2516034323593666,0.49151181225717955,0.4172656765418687,0.6685014849476107,0.5480410096680589,1.0285137067213004,0.8668989960195983,1.5297823806369286,1.370729895295768,1.9569211926565468,1.7899169558961991,15.614700613809648,19.518866678998975
200,0.06461423764692446,0.08057021981683271,0.07931252602485891,0.0961640093053503,0.11880402579299605,0.1326112900021041,0.2684719805964572,0.2508002381019404,0.4912580875936932,0.416982720520696,0.6683059695930343,0.5479312882634807,1.0282346647142935,0.8666321027455072,1.5295814025824104,1.3705240937876584,1.956470821061582,1.78943661703852,15.60290188052949,19.503995062917323
201,0.06416443241229725,0.08028633076275511,0.07893341215850146,0.0958722805888782,0.11826423485197123,0.13233777836625799,0.26805147993650236,0.2502312092505065,0.4910192468491746,0.41671473662841496,0.6681214252149466,0.5477561839695635,1.0279575944741974,0.8663648023981179,1.5293831593443517,1.3703161023520485,1.956024678344296,1.788961024707174,15.591155561365918,19.489220439741764
202,0.06400766172673288,0.08110410285553908,0.07841505005290533,0.09558285045359523,0.11770453358144561,0.13125948393579775,0.2674918988305768,0.24958781871595995,0.4907628679532403,0.4167290841123741,0.6679315370312099,0.5476202508498882,1.0276821001576668,0.8661004492801986,1.5291846878287607,1.3701106045633702,1.9555914601036803,1.7884947314050985,15.579502396463676,19.47457857178937
203,0.06373218953640049,0.08118959058975352,0.07810993335152923,0.09531076101246726,0.11710627631171047,0.13125130749981978,0.26701385317367426,0.24998318690971788,0.49052935754904203,0.41635598516816574,0.6677502285583989,0.5475147626670124,1.027409428287739,0.8658279389583419,1.528988809081577,1.369907346969755,1.9551588067524002,1.7880311903695167,15.567955268010413,19.45998624604324
204,0.0634467412159038,0.07930299859182001,0.07778301884068044,0.0952604868802531,0.11670549932643656,0.13054530557446878,0.2665235257748153,0.2491383558276839,0.4902892489626568,0.4160581638366718,0.6675611654142651,0.5473489363205257,1.027137813426214,0.8655686773102859,1.5287935086187183,1.3697003834353292,1.9547299771140085,1.7875716659235836,15.556415737244091,19.44547738324245
205,0.06309905000959928,0.07993973837110209,0.07731764766021133,0.09470508349646488,0.1161333758848456,0.1310638022246619,0.2660146506429636,0.24858517351702517,0.490050962547451,0.4159350646540449,0.6673770019003769,0.5472364258883622,1.0268660418188469,0.8653084333307051,1.5285993708898742,1.3694983738396556,1.9543059116023942,1.787115282730516,15.544981431251554,19.431085019041166
206,0.06285056347049402,0.07993487724529699,0.07700829805319831,0.09391493720961322,0.11559266472180847,0.12968853919083262,0.26553547147483686,0.24823447546641814,0.48981210336494346,0.41597117162103137,0.6671920275400699,0.5470657220027717,1.026597969852514,0.8650449880825475,1.528406421792024,1.3692972354701,1.9538819976560027,1.7866565618608972,15.533613468598805,19.41677874297344
207,0.062473349078243486,0.07859718119129172,0.07666265147696585,0.09370282084630628,0.11517946004271201,0.12914254110434958,0.2650246150099724,0.2481116493934481,0.48959221668491737,0.4157542694671988,0.6670096762183998,0.546918313374073,1.0263312780410587,0.8647895558127041,1.5282141497038522,1.369096285016666,1.95346086874199,1.7862034495828187,15.522320930085591,19.40255350009561
208,0.062223708113151796,0.07825548467524533,0.07621815595747172,0.093259170886331,0.11464942482540459,0.1292265597529012,0.26451259924852893,0.24811399407281076,0.48935514018130705,0.4154976826876842,0.6668322278879556,0.5468004575503871,1.0260652031330892,0.86453308577608,1.5280234501507417,1.3688944187070349,1.9530419837027835,1.7857553451519295,15.511101499785516,19.38840987670598
209,0.062009383138630435,0.07760602944883807,0.07583208098900569,0.09311762576179551,0.11409510958800259,0.12872399981385968,0.26404279843622624,0.24708066176017518,0.4891198182852223,0.4152473001938148,0.6666525311810105,0.5466423112183368,1.0258006779336513,0.864276909006053,1.5278336625272888,1.3686966893708177,1.9526265839908965,1.7853128777348937,15.499935654434196,19.374363774266737
210,0.06167042547767134,0.07806110009551048,0.07553561838384834,0.09320142620743202,0.11361434588743027,0.1283297857040255,0.2636022635687309,0.24713426709468728,0.4888909110538528,0.41501890285848986,0.6664719524782337,0.5464635943544323,1.0255381993051063,0.8640247631542788,1.5276448173239148,1.368499294760192,1.9522150806061973,1.7848698017045195,15.4888617120687,19.36038905364539
211,0.06117931889850797,0.07779491112884042,0.07518257202743994,0.09233711324448655,0.11319017674508249,0.1276380400645909,0.263110266389634,0.2464537611295437,0.48865325129019904,0.41484434340387727,0.6662971330841974,0.5463304045752352,1.0252763325095238,0.8637682197129198,1.5274562414026431,1.368301896861034,1.9518085076296372,1.7844336458027656,15.477823855976009,19.346486723951518
212,0.06098927749371516,0.07718263330864789,0.0748259579331799,0.0916758229726641,0.11254838878387302,0.12762760477406637,0.26259361126748276,0.2460788744423777,0.4884374590517008,0.4148722505628182,0.6661199079775822,0.5462268867516166,1.025016835364028,0.8635196408614736,1.527268133926783,1.3681081069514083,1.9514065010722568,1.7840030734762182,15.46685936919477,19.332686385732565
213,0.060761576160031625,0.07682373293955337,0.07461156499246685,0.09151211538778738,0.11210924490575243,0.1270956083471552,0.2621560668764878,0.24586253059027818,0.4882129903571186,0.4147356254126638,0.6659454616691712,0.5460950587770622,1.0247583456562996,0.8632747876820306,1.5270818615644757,1.367913015252851,1.9510066269727289,1.7835750651477005,15.455977446045736,19.318976324297523
214,0.060630066143879224,0.0767004871456494,0.07419328209702757,0.09121389534379461,0.11182427735986802,0.12641002071902083,0.2616654342782993,0.2456675943923114,0.4879688644543741,0.4143702945979358,0.665768845886252,0.5459269864218576,1.0245008466548342,0.8630281772519567,1.5268969808131259,1.367718448544958,1.9506107960070262,1.7831489445540705,15.445156198210935,19.305347354306377
215,0.060241954957922034,0.07595144468428466,0.07392015857168073,0.09066520902176796,0.11131864617105139,0.12615710903564697,0.26115345375821675,0.24516093472541847,0.4877548513747656,0.4142262856948552,0.6655982413433832,0.5458273236974707,1.0242444708140586,0.862782808595103,1.5267125042724021,1.3675255777800612,1.9502149737878234,1.7827231755984827,15.434395223571558,19.291782388546196
216,0.06002815255542606,0.07581870694612634,0.07358678549054098,0.0903813269337997,0.11080870832416448,0.12574318036657248,0.2607563677722213,0.24446235144960468,0.48752930752432244,0.41396353095035837,0.6654224597104945,0.5456869532322062,1.0239921830200793,0.862540031888802,1.5265292217451343,1.3673340971246728,1.949825113354248,1.782308785081497,15.423700698648984,19.2783141883136
217,0.059764827276389376,0.0762006374452208,0.07331479619853982,0.09036578699726189,0.11041406189603277,0.1251161159552964,0.2603043906516818,0.2445719124501562,0.48731206357326184,0.41388002381536176,0.665249917755193,0.5455596127533561,1.0237395593360366,0.8623012936173988,1.5263472658050188,1.367141787759189,1.949438956996121,1.7818941442837268,15.41306953371458,19.264907481752594
218,0.05947464920385426,0.07638282781751285,0.07289712182248538,0.08981938949359461,0.10988616045390477,0.12480005247545947,0.2598378301905387,0.2441484435291713,0.48707672096387494,0.4140092437490454,0.6650804158172099,0.5454127748611526,1.0234870474237,0.8620598418372017,1.5261661107262445,1.3669522611965688,1.9490571412996123,1.7814792974829086,15.402510816124906,19.251597501256782
219,0.05934812018218684,0.07531576253143438,0.07251230414981656,0.08990710518630267,0.1094848502578339,0.12454671002373907,0.25940700015574003,0.24395552547694427,0.4868581885126935,0.4138410541224362,0.6649120442741281,0.5452779579632387,1.0232372553547937,0.8618156697362515,1.5259854579840397,1.3667628567794274,1.9486747817848815,1.7810708635546304,15.392006198830211,19.23837089162742
220,0.059115783970185645,0.07538623302587735,0.07230097308082113,0.08941163011078763,0.10889614273021318,0.12426218726658468,0.2588074769360277,0.24332163897641187,0.4866403955658501,0.41366247470155726,0.6647474206185084,0.5451737906545254,1.0229883696373576,0.8615788514978193,1.5258068107378182,1.3665761860720629,1.9482987956305906,1.7806677935745916,15.381569498511325,19.225192610266173
221,0.0587049663984329,0.07448305292376156,0.07187147442960568,0.08899228812144895,0.10858373159686989,0.12347730313028608,0.2584720411656636,0.2432670901414796,0.48641075849410753,0.4132820872250449,0.6645809337504403,0.5450386984007699,1.0227414280466693,0.8613439597519748,1.52562871418469,1.3663887564184631,1.947927111292448,1.7802647846672923,15.371172959184328,19.212111947571703
222,0.05846285188026829,0.07579213123162978,0.07163976800746034,0.08882039216498436,0.10824646513513445,0.12330393265620829,0.25805319360796153,0.24266336169736138,0.48620096344162467,0.41300871263583894,0.6644122529298969,0.5449105091870124,1.0224946553123615,0.8611136762966664,1.5254504979176666,1.3662019598072972,1.947554926311988,1.7798683926389722,15.36086587049583,19.19910399526211
223,0.05833451452910166,0.07408205731748947,0.07142808594845576,0.08876377486536656,0.1077921988399534,0.12288648390711235,0.25756026339292404,0.24263285510058474,0.4860069962053069,0.41286010727506556,0.6642468373062306,0.5447759330566293,1.022250063098841,0.860878634687715,1.525274001249232,1.3660188634994581,1.947187432513719,1.7794763863380318,15.35060879554181,19.186167616444855
224,0.057794597430709936,0.07401615619072185,0.07120304661967805,0.08812038167356857,0.10728733689739742,0.12249252891599251,0.2571338593287001,0.24199731944523423,0.48576380160296495,0.41271681444985525,0.6640800651401786,0.5446569214900726,1.0220060719655928,0.8606489491580155,1.5250981366591554,1.365834776638764,1.946828519166464,1.779084498189353,15.340406473041377,19.17330698097868
225,0.057746354152967895,0.07361156375243746,0.07081595515366883,0.08755596713919946,0.10678189223189731,0.12267249411550062,0.25661463234105314,0.24179501313294097,0.4855365211991789,0.41262086982210283,0.6639188780822529,0.5445743560203777,1.0217636363820701,0.8604281734363198,1.5249231122223887,1.3656546012521378,1.9464653346892073,1.7786971620738212,15.330257605821307,19.160507923746344
226,0.05755319716021793,0.07336274730087501,0.07053190410412416,0.08745404470877108,0.10655972573116781,0.12165096459423967,0.2562583195239596,0.2414514161829878,0.48533897410911925,0.4125762008387467,0.6637594652579588,0.5444288357138046,1.0215232517610395,0.8602016946952331,1.5247489992810128,1.3654715911508193,1.9461088888396845,1.7783117834570372,15.320165935083804,19.147799712683767
227,0.057270251295546984,0.07356197156122166,0.07029751817757439,0.08737930532159477,0.10604308806264198,0.12146147005076478,0.25583726797365663,0.24110951771583464,0.48513067920982317,0.41240348102423946,0.6635957559663372,0.544288856877482,1.0212828306004351,0.8599771836708332,1.5245757629101921,1.3652895934476055,1.9457528644735964,1.7779291325602038,15.310153042933708,19.135157625546007
228,0.05708619857205985,0.07427091493541971,0.06981692421491358,0.08769046423470446,0.10570517881764332,0.12161831430026464,0.25539607051368124,0.24105589705441385,0.4849242794614624,0.4122510712722252,0.6634383474239146,0.5441699222978112,1.0210444395636338,0.859749106820581,1.524403708503453,1.365110342608297,1.9453995610947117,1.7775497827623865,15.300174401930628,19.122583836522594
229,0.05688223937280732,0.07265055220702599,0.06978808770184641,0.08642579707606085,0.10525714848295672,0.12052048455024587,0.25502125266700476,0.24032726440523647,0.48470917244089634,0.41215421748278763,0.6632733548097332,0.5440616386864573,1.0208058960074458,0.8595218852235766,1.5242321130616534,1.3649333650842677,1.9450483522884903,1.7771715813669664,15.290270901851741,19.110085399984726
230,0.05671171555806882,0.07339585530640456,0.06937571327470093,0.08623820041200797,0.10489652807771273,0.12028019903915857,0.254476996331933,0.23988641178960282,0.4844813753972609,0.41198084216399733,0.6631162396909763,0.5439288664921164,1.0205705361221924,0.8592958662897495,1.524061670671554,1.3647532801322748,1.9447003326029457,1.7767996871412681,15.280409576001077,19.097662419286266
231,0.05642386764486733,0.07288831887133602,0.06907240334475817,0.08573288880105089,0.10456797445987114,0.12012501212176431,0.25404492646318144,0.24014028459053322,0.4842932055674191,0.4118100794371713,0.6629584044355683,0.5438104280110063,1.0203356347370294,0.8590688990841946,1.5238917717510398,1.3645749413908408,1.9443583438676586,1.7764317186007945,15.270607332843214,19.085294124058315
232,0.05621547009079134,0.07232087984167296,0.06893112258675038,0.08568374619548544,0.10395409874790078,0.12009808413794475,0.2537211349097321,0.2394908468858362,0.484091996773504,0.41159570566539105,0.6628025672079784,0.5436925220372054,1.0201014302491285,0.8588464060440439,1.5237228418387407,1.364399067404235,1.944015762560058,1.7760615159725321,15.260864740863955,19.072971661572385
233,0.05605278749438457,0.07229255086976319,0.06843859121822711,0.08526044361697042,0.1037333664220073,0.11949152726257962,0.25328987593709534,0.23916060382803087,0.4838659294037528,0.41147645403598915,0.6626470135076649,0.5435814068822438,1.019870552489426,0.8586240306863644,1.5235547694381901,1.364221232982692,1.9436739156037004,1.7756952504219092,15.251143604257035,19.060729662890505
234,0.05578558783521403,0.07180680574601507,0.06828793524900664,0.08512887855615522,0.10331849719145898,0.11944312520802315,0.25284891804405946,0.2391034420194297,0.48367734159825093,0.4112125313047118,0.6624930126918408,0.5434480211417664,1.0196383030675142,0.8584039906562843,1.523387255198898,1.3640463378041836,1.943336508639841,1.77533510541681,15.241498233722748,19.048555248241705
235,0.0556511930400757,0.07188971254405717,0.06796010849168815,0.0851496029002913,0.10294580594767908,0.11902218431674788,0.25249334264865836,0.23885359969632378,0.48347004782914993,0.41118402163970647,0.6623385940838497,0.543311777608148,1.0194083107135552,0.8581871708038405,1.523220677446744,1.3638730725631338,1.9430025187622528,1.7749731634637993,15.231898960154627,19.036456887005585
236,0.0554015228214204,0.07117235531727668,0.06783429476130981,0.08489443048320967,0.10261529107898734,0.11852775983916128,0.25207541301624786,0.23850830979828763,0.48326209190871666,0.4110026132003427,0.6621857724781829,0.5432223808002002,1.0191788859340458,0.8579758544273565,1.5230548827326438,1.3637011744118677,1.9426693013779868,1.7746168804873386,15.222369854605583,19.02442766198971
237,0.055188929312898295,0.071039579048973,0.06749656822564909,0.08410478988891752,0.10223648350565417,0.1179884988979753,0.2516400206205232,0.23799964120528969,0.48306209939513345,0.4108911643768179,0.6620284575722412,0.5430970223079175,1.0189517915034796,0.8577556348199328,1.5228898450617547,1.3635278974260603,1.942341680316328,1.7742666299707197,15.212880431302944,19.01245307170699
238,0.05503963196679774,0.07099939557572303,0.06729343333623236,0.08401974505685234,0.10189539012869485,0.11764379636994723,0.25122940661113285,0.237521910226991,0.4828420101372996,0.41092829768880834,0.6618784201548856,0.5429912100871795,1.0187254665508338,0.8575443856234621,1.5227251576606649,1.3633561841372785,1.9420164712518835,1.7739143530136259,15.203441217656378,19.00054554305053
239,0.054829314184217895,0.07049289373635072,0.06695848691151532,0.08369923930596836,0.10148207916892021,0.11748393647776449,0.2508484119051478,0.23715295335048525,0.48265171805181645,0.41072452705481954,0.6617285755642137,0.5428813521497943,1.0185003837907907,0.8573386759593569,1.5225626344189025,1.3631856617669167,1.9416913152413835,1.7735603834020681,15.194057701623642,18.988704217243665
240,0.054618868712677966,0.07039449845114952,0.06672670748820667,0.08372965974026712,0.10113775088366268,0.11718341690566152,0.25047139750498265,0.23698323310302397,0.4824549262923666,0.4104552056989059,0.6615780270469684,0.5427587517963841,1.0182754998117793,0.8571283201865962,1.5223997983399142,1.363017240768583,1.9413658149429565,1.7732149731349476,15.184722165537835,18.976920987584908
241,0.054314986112914125,0.07014239242144406,0.06650124588085787,0.08362501279033463,0.10062066649032776,0.11677547125099914,0.24999633287469078,0.23663980238543356,0.4822612858173357,0.4103367205617463,0.661426414362035,0.5426325258363056,1.0180523465754987,0.8569189855030604,1.5222379558449712,1.3628493339557366,1.9410430999766135,1.7728667592767424,15.175439290378936,18.965206963675364
242,0.05417507041002953,0.06975055447059311,0.06629856830761945,0.08298978260144811,0.10034546288482467,0.11653466315692282,0.24963403341401963,0.23660399244336658,0.4820573519779634,0.41016826318402594,0.6612813323292749,0.5425077266881031,1.017828940586777,0.8567066281887111,1.522076971167598,1.3626831430519744,1.9407240647056152,1.772523213607337,15.166208419878094,18.95354899890317
243,0.05399385148773076,0.06936319281388387,0.0659869038524262,0.08269539352121025,0.10014320045533763,0.1161106297535262,0.24920959557674677,0.23631827866502583,0.48187292627091893,0.41000165692691143,0.6611337523022451,0.5424093082620592,1.0176081733008786,0.8564973687890716,1.5219163421486022,1.3625160433388697,1.9404087166470585,1.772185004520886,15.157028537728714,18.941969002408936
244,0.053832816732058225,0.06942322525778427,0.06578233233624815,0.08230625664072083,0.09978989637650362,0.11608325780318876,0.24885463128033633,0.23601601567174413,0.4816643032616625,0.4099876484847421,0.6609855153243808,0.5422788305235614,1.0173885709447943,0.8562828365805114,1.5217563948917536,1.362350308601492,1.9400937989774638,1.7718459220942606,15.147897837772438,18.930430864230754
245,0.0536727758991284,0.06975167763644251,0.06561917733876996,0.08254568043894368,0.0994162466214552,0.11570705279634504,0.24840210343917984,0.23539519251273772,0.4814669854568175,0.40988946844791546,0.6608394197710604,0.542189720816213,1.0171693652638905,0.8560805708316747,1.5215975987599286,1.3621838802187314,1.9397784589742502,1.7715097502534614,15.138810268067408,18.91897047071034
246,0.053461831240791,0.06901101271800807,0.06533189870994356,0.08218095538945033,0.09908162261421036,0.11511739076945582,0.24803909016242695,0.2353124036283916,0.48127819429366264,0.4095249120237792,0.6606915806794301,0.5420772771529964,1.0169505289360583,0.8558714595334284,1.5214395787301218,1.3620174311651971,1.9394709239806072,1.7711772095393665,15.12977613857185,18.90754900401449
247,0.053285419398497284,0.06896021650195709,0.06501220567768326,0.08242448437683687,0.09868694792012792,0.11543071450564661,0.24763511862431875,0.23547151172395997,0.48107298780490704,0.40951994396195623,0.6605488973834565,0.541968520345359,1.0167336159085176,0.8556606134170381,1.5212823585707937,1.3618537740754377,1.939165178147752,1.770850450182196,15.120770468009686,18.89620132634205
248,0.0530835090374231,0.06930668184102462,0.06483386052670144,0.08149099042409746,0.09835690949867174,0.1145975546883832,0.2472093420343071,0.23475246416230508,0.48089356314316356,0.40926566200303327,0.6604044227859435,0.5418673255760681,1.0165177622411483,0.8554587707143699,1.5211257545932126,1.3616908127451177,1.9388619297281053,1.7705232809329856,15.11184187077326,18.88491144227277
249,0.052865364396225,0.06844438885893728,0.06456577084182531,0.08237721486925492,0.09808506066750844,0.11418723094052281,0.24690846200170366,0.23463023564792032,0.4807053827578866,0.4090558623151826,0.6602620688140423,0.5417664645340642,1.016303230867195,0.8552521032652831,1.5209701864948146,1.361531307896957,1.9385605662587118,1.7701996611844142,15.102939137340876,18.87366681780134
